player,passes_attempted,expected_goals,goals,assists,injury_count,total_days_out,avg_market_value
Aaron Boupendza,,,,,,,7.0
Aaron Hickey,,,,,2.0,599.0,16.5
Aaron Lennon,,,,,1.0,19.0,
Aaron Wan-Bissaka,,,,,4.0,79.0,
Aarón Herrera,,,,,,,4.71
Abdelhamid Sabiri,,,,,,,1.75
Abdou Harroui,,,,,,,1.0
Abdoulaye Doucouré,,,,,4.0,183.0,
Abdoulaye Seck,,,,,,,3.9
Abdul Mumin,,,,,,,1.5
Abdulrahman Ghareeb,,,,,,,5.25
Abdülkerim Bardakci,,,,,,,2.8
Abner,,,,,,,7.0
Aboubakar Kamara,,,,,,,5.0
Achraf Dari,,,,,,,2.7
Adam Bareiro,,,,,,,1.9
Adam Buksa,,,,,,,6.0
Adam Gnezda Cerin,,,,,,,6.5
Adam Hlozek,,,,,,,13.0
Adam Maher,,,,,,,1.8
Adam Masina,,,,,,,5.0
Adam Ounas,,,,,,,3.0
Adama Traoré,,,,,,,2.0
Ademir,,,,,,,2.3
Ademola Lookman,,,,,,,9.2
Adonis Frías,,,,,,,3.74
Adrien Hunou,,,,,,,1.5
Adrien Thomasson,,,,,,,3.9
Adrián Embarba,,,,,,,1.0
Afonso Sousa,,,,,,,1.2
Agustín Marchesín,,,,,,,1.05
Agustín Rogel,,,,,,,4.0
Agustín Urzi,,,,,,,3.2
Agustín Álvarez,,,,,,,12.0
Ahmed Touba,,,,,,,2.0
Ahmetcan Kaplan,,,,,,,9.5
Ajdin Hrustic,,,,,,,5.0
Alan Franco,,,,,,,2.85
Alan Matturro,,,,,,,3.0
Alan Mozo,,,,,,,1.8
Alan Virginius,,,,,,,4.0
Albert Grönbaek,,,,,,,3.0
Alberth Elis,,,,,,,6.0
Alef Manga,,,,,,,4.0
Alejandro Pozo,,,,,,,3.0
Alejandro Pozuelo,,,,,,,1.36
Aleksandar Pesic,,,,,,,1.0
Alessandro Florenzi,,,,,,,2.7
Alex Iwobi,,,,,3.0,73.0,
Alex Santana,,,,,,,2.5
Alexander Bah,,,,,,,8.0
Alexander Isak,,,,,3.0,80.0,70.0
Alexander Jeremejeff,,,,,,,2.7
Alexandre Lacazette,,,,,3.0,71.0,
Alexandro Bernabéi,,,,,,,4.35
Alexi Pitu,,,,,,,2.0
Alexis Beka Beka,,,,,,,12.0
Alexis Duarte,,,,,,,4.0
Alexis Tibidi,,,,,,,2.6
Alexsandro,,,,,,,2.0
Alistair Johnston,,,,,,,3.5
Allahyar Sayyadmanesh,,,,,,,4.5
Allan,,,,,2.0,72.0,
Allan Saint-Maximin,,,,,8.0,216.0,
Alphonse Areola,,,,,,,9.3
Amadou Diawara,,,,,,,1.89
Amadou Onana,,,,,2.0,37.0,35.0
Amar Fatah,,,,,,,4.7
Amar Rahmanovic,,,,,,,7.5
Ameen Al-Dakhil,,,,,1.0,228.0,5.0
Amer Gojak,,,,,,,1.0
Amin Sarr,,,,,,,11.0
Amine Gouiri,,,,,,,28.0
Amir Hadziahmetovic,,,,,,,3.2
Amir Richardson,,,,,,,2.0
Anass Zaroury,,,,,,,4.0
Anders Dreyer,,,,,,,4.6
Andraz Sporar,,,,,,,3.5
Andrea Cambiaso,,,,,,,8.8
Andrea Carboni,,,,,,,4.0
Andrea Colpani,,,,,,,9.0
Andreas Bruus,,,,,,,1.5
Andreas Cornelius,,,,,,,6.0
Andreas Hanche-Olsen,,,,,,,2.5
Andreas Maxsö,,,,,,,6.5
Andreas Pereira,,,,,,,9.5
Andreas Schjelderup,,,,,,,9.0
Andreaw Gravillon,,,,,,,3.0
Andrej Kramarić,44.0,2.654000509,0.0,UnknownUnknownUnknownUnknownUnknownUnknownUnknownUnknownUnknownUnknownUnknownUnknownUnknownUnknownUnknownUnknownUnknownUnknownUnknownUnknownUnknownUnknownUnknownUnknownUnknownUnknownUnknownUnknownUnknownUnknownUnknownUnknownUnknownUnknownUnknownUnknownUnknownUnknownUnknownUnknownUnknownUnknownUnknownUnknown,,,
Andrey Santos,,,,,,,12.5
Andros Townsend,,,,,1.0,23.0,
András Németh,,,,,,,7.5
André Almeida,,,,,,,8.0
André Franco,,,,,,,4.07
André Gomes,,,,,5.0,347.0,
Andrés Andrade,,,,,,,1.25
Andrés Perea,,,,,,,7.13
Andy Carroll,,,,,4.0,182.0,
Anel Ahmedhodzic,,,,,,,4.5
Angelo Fulgini,,,,,,,6.0
Anouar Ait El Hadj,,,,,,,2.0
Ante Rebić,147.0,9.025963725,0.0,UnknownUnknownUnknownUnknownUnknownUnknownUnknownUnknownUnknownUnknownUnknownUnknownUnknownUnknownUnknownUnknownUnknownUnknownUnknownUnknownUnknownUnknownUnknownUnknownUnknownUnknownUnknownUnknownUnknownUnknownUnknownUnknownUnknownUnknownUnknownUnknownUnknownUnknownUnknownUnknownUnknownUnknownUnknownUnknownUnknownUnknownUnknownUnknownUnknownUnknownUnknownUnknownUnknownUnknownUnknownUnknownUnknownUnknownUnknownUnknownUnknownUnknownUnknownUnknownUnknownUnknownUnknownUnknownUnknownUnknownUnknownUnknownUnknownUnknownUnknownUnknownUnknownUnknownUnknownUnknownUnknownUnknownUnknownUnknownUnknownUnknownUnknownUnknownUnknownUnknownUnknownUnknownUnknownUnknownUnknownUnknownUnknownUnknownUnknownUnknownUnknownUnknownUnknownUnknownUnknownUnknownUnknownUnknownUnknownUnknownUnknownUnknownUnknownUnknownUnknownUnknownUnknownUnknownUnknownUnknownUnknownUnknownUnknownUnknownUnknownUnknownUnknownUnknownUnknownUnknownUnknownUnknownUnknownUnknownUnknownUnknownUnknownUnknownUnknownUnknownUnknownUnknownUnknownUnknownUnknownUnknownUnknown,,,
Anthony Gordon,,,,,3.0,40.0,45.6
Anthony Kalik,,,,,,,3.0
Anthony Martial,,,,,7.0,294.0,
Anthony Modeste,,,,,,,5.1
Antoine Semenyo,,,,,,,10.25
Anton Zinkovskiy,,,,,,,3.2
Antonin Barak,,,,,,,8.5
Antonio Colak,,,,,,,2.5
Antony,,,,,,,95.0
Anwar El Ghazi,,,,,1.0,5.0,2.5
Arijan Ademi,,,,,,,5.0
Arijanet Muric,,,,,,,3.0
Arkadiusz Milik,,,,,,,8.0
Arkadiusz Reca,,,,,,,3.9
Armand Laurienté,,,,,,,10.1
Armel Bella-Kotchap,,,,,,,11.0
Arnaud Kalimuendo,,,,,,,20.0
Arne Maier,,,,,,,5.0
Arthur Chaves,,,,,,,2.4
Arthur Theate,,,,,,,12.875
Artur,,,,,,,5.455
Ashley Barnes,,,,,5.0,376.0,
Ashley Westwood,,,,,2.0,277.0,
Ashley Young,94.0,5.599778904,0.0,UnknownUnknownUnknownUnknownUnknownUnknownUnknownUnknownUnknownUnknownUnknownUnknownUnknownUnknownUnknownUnknownUnknownUnknownUnknownUnknownUnknownUnknownUnknownUnknownUnknownUnknownUnknownUnknownUnknownUnknownUnknownUnknownUnknownUnknownUnknownUnknownUnknownUnknownUnknownUnknownUnknownUnknownUnknownUnknownUnknownUnknownUnknownUnknownUnknownUnknownUnknownUnknownUnknownUnknownUnknownUnknownUnknownUnknownUnknownUnknownUnknownUnknownUnknownUnknownUnknownUnknownUnknownUnknownUnknownUnknownUnknownUnknownUnknownUnknownUnknownUnknownUnknownUnknownUnknownUnknownUnknownUnknownUnknownUnknownUnknownUnknownUnknownUnknownUnknownUnknownUnknownUnknownUnknownUnknown,1.0,45.0,
Aurélien Tchouaméni,,,,,,,80.0
Axel Tuanzebe,,,,,4.0,430.0,
Ayrton Lucas,,,,,,,7.0
Azzedine Ounahi,,,,,,,8.0
Aïssa Laïdouni,,,,,,,2.6
Bafodé Diakité,,,,,,,3.0
Bamba Dieng,,,,,,,7.0
Bamidele Alli,206.0,12.271855896,0.0,UnknownUnknownUnknownUnknownUnknownUnknownUnknownUnknownUnknownUnknownUnknownUnknownUnknownUnknownUnknownUnknownUnknownUnknownUnknownUnknownUnknownUnknownUnknownUnknownUnknownUnknownUnknownUnknownUnknownUnknownUnknownUnknownUnknownUnknownUnknownUnknownUnknownUnknownUnknownUnknownUnknownUnknownUnknownUnknownUnknownUnknownUnknownUnknownUnknownUnknownUnknownUnknownUnknownUnknownUnknownUnknownUnknownUnknownUnknownUnknownUnknownUnknownUnknownUnknownUnknownUnknownUnknownUnknownUnknownUnknownUnknownUnknownUnknownUnknownUnknownUnknownUnknownUnknownUnknownUnknownUnknownUnknownUnknownUnknownUnknownUnknownUnknownUnknownUnknownUnknownUnknownUnknownUnknownUnknownUnknownUnknownUnknownUnknownUnknownUnknownUnknownUnknownUnknownUnknownUnknownUnknownUnknownUnknownUnknownUnknownUnknownUnknownUnknownUnknownUnknownUnknownUnknownUnknownUnknownUnknownUnknownUnknownUnknownUnknownUnknownUnknownUnknownUnknownUnknownUnknownUnknownUnknownUnknownUnknownUnknownUnknownUnknownUnknownUnknownUnknownUnknownUnknownUnknownUnknownUnknownUnknownUnknownUnknownUnknownUnknownUnknownUnknownUnknownUnknownUnknownUnknownUnknownUnknownUnknownUnknownUnknownUnknownUnknownUnknownUnknownUnknownUnknownUnknownUnknownUnknownUnknownUnknownUnknownUnknownUnknownUnknownUnknownUnknownUnknownUnknownUnknownUnknownUnknownUnknownUnknownUnknownUnknownUnknownUnknownUnknownUnknownUnknownUnknownUnknownUnknownUnknownUnknownUnknownUnknownUnknownUnknownUnknownUnknownUnknownUnknownUnknown,,,
Bartlomiej Dragowski,,,,,,,1.95
Bartol Franjic,,,,,,,7.5
Ben Davies,,,,,4.0,104.0,4.7
Ben Godfrey,,,,,3.0,132.0,
Ben Malango,,,,,,,2.0
Ben Mee,,,,,5.0,402.0,
Ben White,,,,,2.0,31.0,
Benjamin Lecomte,,,,,,,2.0
Benjamín Garré,,,,,,,1.7
Benoît Badiashile,,,,,,,38.0
Benson Manuel Hedilazio,,,,,,,4.0
Berat Özdemir,,,,,,,2.44
Bernard,,,,,3.0,45.0,
Bernd Leno,,,,,1.0,67.0,3.6
Bertrand Traoré,,,,,1.0,18.0,
Beto,,,,,1.0,5.0,7.0
Biel,,,,,,,1.6
Bill Tuiloma,,,,,,,7.5
Billy Gilmour,,,,,,,8.33
Bjorn Meijer,,,,,,,6.0
Björn Engels,,,,,1.0,27.0,
Borja Mayoral,,,,,,,10.0
Bosko Sutalo,,,,,,,4.05
Boubacar Kamara,,,,,3.0,78.0,
Braian Romero,,,,,,,9.0
Brais Méndez,,,,,,,14.0
Brandon Soppy,,,,,,,9.1
Brandon Williams,,,,,1.0,4.0,
Breel Embolo,,,,,,,12.5
Bremer,,,,,,,41.0
Brenden Aaronson,,,,,,,32.84
Brian Brobbey,,,,,,,16.35
Brian Ocampo,,,,,,,1.9
Brian Rodríguez,,,,,,,5.97
Brice Samba,,,,,,,5.0
Bruma,,,,,,,4.25
Bruno Fernandes,,,,,1.0,2.0,
Bruno Gomes,,,,,,,1.0
Bruno Guimarães,,,,,2.0,41.0,
Bruno Tabata,,,,,,,5.0
Bryan Gil,,,,,5.0,130.0,
Bryan Linssen,,,,,,,1.3
Bryan Mbeumo,,,,,1.0,96.0,
Bukayo Saka,,,,,3.0,37.0,
Byron Castillo,,,,,,,2.85
Calebe,,,,,,,1.1
Callum Wilson,,,,,11.0,456.0,
Calum Chambers,,,,,1.0,315.0,
Calvin Bassey,,,,,,,23.0
Calvin Ramsay,,,,,,,4.9
Cameron Carter-Vickers,,,,,,,7.0
Carlitos,,,,,,,4.0
Carlos Alcaraz,,,,,,,13.65
Carlos Andrés Gómez,,,,,,,3.49
Carlos González,,,,,,,3.3
Carlos Gruezo,,,,,,,2.7
Carlos Rotondi,,,,,,,3.9
Carlos Salcedo,,,,,,,3.72
Carlos Soler,,,,,,,18.0
Carlos Vinícius,,,,,,,5.0
Carlton Morris,,,,,,,2.0
Carney Chukwuemeka,,,,,,,18.0
Casemiro,,,,,,,70.65
Casper Nielsen,,,,,,,7.0
Casper Tengstedt,,,,,,,7.0
Cauly,,,,,,,2.3
Cedric Itten,,,,,,,1.82
Cengiz Ünder,,,,,,,8.4
Cenk Tosun,,,,,2.0,247.0,
Cesare Casadei,,,,,,,15.0
Charles De Ketelaere,,,,,,,35.5
Charles Pickel,,,,,,,3.8
Charlie Taylor,,,,,5.0,188.0,
Cheick Doucouré,,,,,,,22.6
Chris Richards,,,,,,,12.0
Chris Wood,,,,,5.0,88.0,
Christian Benteke,,,,,,,5.46
Christian Eriksen,,,,,2.0,92.0,
Christian Norgaard,,,,,2.0,63.0,
Christiano Ronaldo,,,,,2.0,11.0,
Christopher Jullien,,,,,,,1.0
Christopher Martins Pereira,,,,,,,7.0
Christopher Wooh,,,,,,,9.0
Christos Zafeiris,,,,,,,2.6
Ciaran Clark,,,,,4.0,263.0,
Cody Gakpo,,,,,,,42.0
Connor Roberts,,,,,1.0,32.0,
Craig Dawson,,,,,,,3.75
Cristian Arango,,,,,,,5.5
Cristian Dájome,,,,,,,3.18
Cristian Romero,,,,,,,50.0
Cucho Hernández,,,,,,,9.55
Cyriel Dessers,,,,,,,6.5
Cédric Hountondji,,,,,,,2.0
Cédric Soares,,,,,1.0,157.0,
César Montes,,,,,,,8.0
Daizen Maeda,,,,,,,1.53
Dale Stephens,,,,,2.0,28.0,
Dan Barlaser,,,,,,,1.03
Dan Burn,,,,,1.0,37.0,
Dango Ouattara,,,,,,,22.5
Dani Ceballos,,,,,2.0,71.0,
Daniel,,,,,,,6.0
Daniel Ballard,,,,,,,2.3
Daniel James,,,,,2.0,29.0,
Daniel Karlsbakk,,,,,,,2.5
Daniel Mancini,,,,,,,3.0
Daniel Samek,,,,,,,2.0
Daniel Wass,,,,,,,1.75
Daniel-Kofi Kyereh,,,,,,,4.5
Daniil Utkin,,,,,,,3.0
Danijel Subašić,93.0,5.540206788,0.0,UnknownUnknownUnknownUnknownUnknownUnknownUnknownUnknownUnknownUnknownUnknownUnknownUnknownUnknownUnknownUnknownUnknownUnknownUnknownUnknownUnknownUnknownUnknownUnknownUnknownUnknownUnknownUnknownUnknownUnknownUnknownUnknownUnknownUnknownUnknownUnknownUnknownUnknownUnknownUnknownUnknownUnknownUnknownUnknownUnknownUnknownUnknownUnknownUnknownUnknownUnknownUnknownUnknownUnknownUnknownUnknownUnknownUnknownUnknownUnknownUnknownUnknownUnknownUnknownUnknownUnknownUnknownUnknownUnknownUnknownUnknownUnknownUnknownUnknownUnknownUnknownUnknownUnknownUnknownUnknownUnknownUnknownUnknownUnknownUnknownUnknownUnknownUnknownUnknownUnknownUnknownUnknownUnknown,,,
Danilo,,,,,,,20.0
Danny Ings,,,,,,,12.0
Danny Rose,42.0,2.502028872,0.0,UnknownUnknownUnknownUnknownUnknownUnknownUnknownUnknownUnknownUnknownUnknownUnknownUnknownUnknownUnknownUnknownUnknownUnknownUnknownUnknownUnknownUnknownUnknownUnknownUnknownUnknownUnknownUnknownUnknownUnknownUnknownUnknownUnknownUnknownUnknownUnknownUnknownUnknownUnknownUnknownUnknownUnknown,,,
Dante Vanzeir,,,,,,,5.0
Darijan Bojanic,,,,,,,1.0
Dario Saric,,,,,,,1.8
Darko Churlinov,,,,,,,3.5
Darko Gyabi,,,,,,,5.8
Darwin Machís,,,,,,,3.5
Darwin Núñez,,,,,,,80.0
David Carmo,,,,,,,20.28
David Datro Fofana,,,,,,,12.0
David Hancko,,,,,,,6.0
David Luiz,,,,,4.0,29.0,
David Martínez,,,,,,,1.0
David Nemeth,,,,,,,1.3
David Neres,,,,,,,15.3
David Raum,,,,,,,26.0
David Raya,,,,,1.0,102.0,
Davide Bettella,,,,,,,5.0
Davinson Sanchez,,,,,2.0,52.0,
DeAndre Yedlin,,,,,3.0,184.0,
Dedryck Boyata,,,,,,,2.0
Dejan Lovren,144.0,8.525549423000001,0.0,UnknownUnknownUnknownUnknownUnknownUnknownUnknownUnknownUnknownUnknownUnknownUnknownUnknownUnknownUnknownUnknownUnknownUnknownUnknownUnknownUnknownUnknownUnknownUnknownUnknownUnknownUnknownUnknownUnknownUnknownUnknownUnknownUnknownUnknownUnknownUnknownUnknownUnknownUnknownUnknownUnknownUnknownUnknownUnknownUnknownUnknownUnknownUnknownUnknownUnknownUnknownUnknownUnknownUnknownUnknownUnknownUnknownUnknownUnknownUnknownUnknownUnknownUnknownUnknownUnknownUnknownUnknownUnknownUnknownUnknownUnknownUnknownUnknownUnknownUnknownUnknownUnknownUnknownUnknownUnknownUnknownUnknownUnknownUnknownUnknownUnknownUnknownUnknownUnknownUnknownUnknownUnknownUnknownUnknownUnknownUnknownUnknownUnknownUnknownUnknownUnknownUnknownUnknownUnknownUnknownUnknownUnknownUnknownUnknownUnknownUnknownUnknownUnknownUnknownUnknownUnknownUnknownUnknownUnknownUnknownUnknownUnknownUnknownUnknownUnknownUnknownUnknownUnknownUnknownUnknownUnknownUnknownUnknownUnknownUnknownUnknownUnknownUnknownUnknownUnknownUnknownUnknownUnknownUnknown,,,2.0
Delano Burgzorg,,,,,,,2.0
Dele Alli,,,,,3.0,78.0,
Dembo Darboe,,,,,,,1.5
Denis Bouanga,,,,,,,4.55
Denis Vavro,,,,,,,4.5
Destiny Udogie,,,,,,,11.0
Didier Lamkel Zé,,,,,,,5.0
Diego Carlos,,,,,2.0,233.0,31.0
Diego Hernández,,,,,,,2.0
Diego Rosa,,,,,,,2.0
Diego Rossi,,,,,,,5.5
Diego Valencia,,,,,,,2.5
Diogo Gonçalves,,,,,,,2.0
Dion Beljo,,,,,,,3.0
Djed Spence,,,,,,,14.7
Djibril Sidibé,,,,,2.0,13.0,
Djordje Mihailovic,,,,,,,3.0
Dmytro Riznyk,,,,,,,3.0
Dodô,,,,,,,14.5
Dogucan Haspolat,,,,,,,1.2
Dogukan Sinik,,,,,,,4.0
Domagoj Bradaric,,,,,,,5.0
Domagoj Vida,115.0,6.85079334,0.0,UnknownUnknownUnknownUnknownUnknownUnknownUnknownUnknownUnknownUnknownUnknownUnknownUnknownUnknownUnknownUnknownUnknownUnknownUnknownUnknownUnknownUnknownUnknownUnknownUnknownUnknownUnknownUnknownUnknownUnknownUnknownUnknownUnknownUnknownUnknownUnknownUnknownUnknownUnknownUnknownUnknownUnknownUnknownUnknownUnknownUnknownUnknownUnknownUnknownUnknownUnknownUnknownUnknownUnknownUnknownUnknownUnknownUnknownUnknownUnknownUnknownUnknownUnknownUnknownUnknownUnknownUnknownUnknownUnknownUnknownUnknownUnknownUnknownUnknownUnknownUnknownUnknownUnknownUnknownUnknownUnknownUnknownUnknownUnknownUnknownUnknownUnknownUnknownUnknownUnknownUnknownUnknownUnknownUnknownUnknownUnknownUnknownUnknownUnknownUnknownUnknownUnknownUnknownUnknownUnknownUnknownUnknownUnknownUnknownUnknownUnknownUnknownUnknownUnknownUnknown,,,
Domingos Duarte,,,,,,,7.5
Dominic Calvert-Lewin,,,,,10.0,444.0,
Dominik Kohr,,,,,,,1.5
Dominik Kotarski,,,,,,,2.0
Donny Van De Beek,,,,,2.0,65.0,
Donny van de Beek,,,,,1.0,46.0,
Doron Leidner,,,,,,,2.0
Douglas Luiz,,,,,1.0,31.0,
Douglas Mendes,,,,,,,2.0
Duje Caleta-Car,,,,,,,8.0
Dwight Gayle,,,,,3.0,163.0,
Dwight McNeil,,,,,2.0,46.0,17.0
Dylan Bronn,,,,,,,1.0
Eddie Nketiah,,,,,1.0,42.0,
Eden Karzev,,,,,,,2.3
Edenilson,,,,,,,1.2
Edinson Cavani,,,,,6.0,143.0,
Edu Expósito,,,,,,,4.5
Eduard Löwen,,,,,,,1.0
Eduard Sobol,,,,,,,2.5
El Bilal Touré,,,,,,,8.0
Elias Cobbaut,,,,,,,3.0
Elliot Anderson,,,,,1.0,125.0,
Elvis Rexhbecaj,,,,,,,1.7
Emam Ashour,,,,,,,2.76
Emanuel Aiwu,,,,,,,3.5
Emerson,,,,,,,15.4
Emerson Royal,,,,,2.0,52.0,
Emil Bohinen,,,,,,,3.25
Emil Konradsen Ceide,,,,,,,2.85
Emil Krafth,,,,,2.0,203.0,
Emiliano Martínez,,,,,1.0,9.0,5.0
Emiliano Rigoni,,,,,,,3.65
Emirhan Ilkhan,,,,,,,4.9
Emmanuel Agbadou,,,,,,,2.6
Emmanuel Dennis,,,,,,,14.8
Emre Akbaba,,,,,,,5.0
Emre Demir,,,,,,,2.0
Emre Mor,,,,,,,2.0
Emrecan Uzunhan,,,,,,,2.0
Enis Bardhi,,,,,,,3.0
Enrico Del Prato,,,,,,,2.75
Enzo Copetti,,,,,,,6.0
Enzo Díaz,,,,,,,2.3
Enzo Ebosse,,,,,,,4.0
Enzo Fernández,,,,,,,82.625
Eren Elmali,,,,,,,3.6
Eric Bailly,,,,,6.0,314.0,
Eric Dier,59.0,3.475921363,0.0,UnknownUnknownUnknownUnknownUnknownUnknownUnknownUnknownUnknownUnknownUnknownUnknownUnknownUnknownUnknownUnknownUnknownUnknownUnknownUnknownUnknownUnknownUnknownUnknownUnknownUnknownUnknownUnknownUnknownUnknownUnknownUnknownUnknownUnknownUnknownUnknownUnknownUnknownUnknownUnknownUnknownUnknownUnknownUnknownUnknownUnknownUnknownUnknownUnknownUnknownUnknownUnknownUnknownUnknownUnknownUnknownUnknownUnknownUnknown,4.0,104.0,
Eric Martel,,,,,,,1.2
Erick Pulgar,,,,,,,2.8
Erik,,,,,,,1.86
Erik Pieters,,,,,2.0,98.0,
Erling Haaland,,,,,,,60.0
Ernesto Torregrossa,,,,,,,1.8
Ethan Pinnock,,,,,1.0,63.0,
Evander,,,,,,,9.5
Everton,,,,,,,14.0
Ezequiel Bullaude,,,,,,,2.0
Ezequiel Ponce,,,,,,,4.0
Ezri Konsa,,,,,3.0,94.0,
Fabian Delph,,,,,8.0,422.0,
Fabian Schär,,,,,8.0,257.0,
Fabien Centonze,,,,,,,4.0
Fabián Ruiz,,,,,,,23.0
Facundo Buonanotte,,,,,,,6.0
Facundo Waller,,,,,,,2.4
Fausto Vera,,,,,,,6.0
Federico Bonazzoli,,,,,,,5.0
Federico Chiesa,,,,,,,42.5
Federico Di Francesco,,,,,,,5.0
Federico Gattoni,,,,,,,1.4
Felipe,,,,,,,2.3
Felipe Carballo,,,,,,,3.7
Felix Afena-Gyan,,,,,,,6.0
Fernando,,,,,,,6.0
Fernando Arce,,,,,,,2.8
Fernando Gorriarán,,,,,,,12.2
Fernando Pacheco,,,,,,,2.2
Fernando Sobral,,,,,,,7.5
Ferran Jutglà,,,,,,,5.0
Ferro,,,,,,,5.5
Filip Kostic,,,,,,,13.0
Filip Ugrinic,,,,,,,2.0
Filippo Melegoni,,,,,,,4.0
Flavius Daniliuc,,,,,,,5.0
Florent Mollet,,,,,,,3.25
Florian Niederlechner,,,,,,,8.0
Florin Tanase,,,,,,,3.0
Flynn Downes,,,,,,,10.65
Fran Villalba,,,,,,,5.0
Francesco Caputo,,,,,,,3.5
Francesco Di Mariano,,,,,,,1.0
Francisco Conceição,,,,,,,5.0
Franco Cristaldo,,,,,,,4.0
Frank Anguissa,,,,,,,16.0
Frank Onyeka,,,,,2.0,67.0,
Fred,,,,,2.0,28.0,
Fredrik Aursnes,,,,,,,13.0
Fredrik Midtsjö,,,,,,,3.5
Fábio Carvalho,,,,,,,5.9
Fábio Vieira,,,,,,,35.0
Gabriel Florentín,,,,,,,2.2
Gabriel Jesus,,,,,3.0,138.0,52.2
Gabriel Magalhães,,,,,2.0,68.0,
Gabriel Martinelli,,,,,5.0,84.0,
Gabriel Rojas,,,,,,,2.3
Gabriel Sara,,,,,,,10.5
Gabriel Slonina,,,,,,,9.09
Gabriel Veron,,,,,,,10.25
Gamid Agalarov,,,,,,,3.5
Gastón Brugman,,,,,,,2.2
Gastón Ávila,,,,,,,4.4
Gautier Larsonneur,,,,,,,1.6
Gavin Bazunu,,,,,,,14.0
Gaëtan Laborde,,,,,,,15.0
Gedson Fernandes,,,,,,,6.0
Genki Haraguchi,,,,,,,1.0
Gennaro Tutino,,,,,,,5.0
Georginio Rutter,,,,,,,28.0
Georgios Giakoumakis,,,,,,,4.0
Georgios Koutsias,,,,,,,2.36
Gerson,,,,,,,15.0
Gerónimo Rulli,,,,,,,8.0
Giacomo Quagliata,,,,,,,2.0
Giacomo Vrioni,,,,,,,3.66
Gianluca Caprari,,,,,,,5.0
Gianluca Lapadula,,,,,,,2.0
Gianluca Scamacca,,,,,,,36.0
Gift Orban,,,,,,,3.3
Gil Dias,,,,,,,1.0
Giovani Lo Celso,,,,,11.0,286.0,
Giovanni Simeone,,,,,,,10.5
Giulian Biancone,,,,,,,10.0
Giuliano Galoppo,,,,,,,6.0
Giulio Maggiore,,,,,,,4.5
Gonzalo Melero,,,,,,,1.9
Gonzalo Plata,,,,,,,3.0
Gonçalo Guedes,,,,,,,32.6
Granit Xhaka,,,,,6.0,107.0,
Guga,,,,,,,1.5
Guglielmo Vicario,,,,,,,8.5
Gui Guedes,,,,,,,3.0
Gustavo Puerta,,,,,,,2.0
Gustavo del Prete,,,,,,,4.3
Guus Til,,,,,,,3.0
Gylfi Sigurdsson,,,,,2.0,31.0,
Haji Wright,,,,,,,1.88
Halil Akbunar,,,,,,,1.1
Hamidou Traore,,,,,,,7.0
Harrison Ashby,,,,,,,3.4
Harry Kane,158.0,9.359422123,0.0,UnknownUnknownUnknownUnknownUnknownUnknownUnknownUnknownUnknownUnknownUnknownUnknownUnknownUnknownUnknownUnknownUnknownUnknownUnknownUnknownUnknownUnknownUnknownUnknownUnknownUnknownUnknownUnknownUnknownUnknownUnknownUnknownUnknownUnknownUnknownUnknownUnknownUnknownUnknownUnknownUnknownUnknownUnknownUnknownUnknownUnknownUnknownUnknownUnknownUnknownUnknownUnknownUnknownUnknownUnknownUnknownUnknownUnknownUnknownUnknownUnknownUnknownUnknownUnknownUnknownUnknownUnknownUnknownUnknownUnknownUnknownUnknownUnknownUnknownUnknownUnknownUnknownUnknownUnknownUnknownUnknownUnknownUnknownUnknownUnknownUnknownUnknownUnknownUnknownUnknownUnknownUnknownUnknownUnknownUnknownUnknownUnknownUnknownUnknownUnknownUnknownUnknownUnknownUnknownUnknownUnknownUnknownUnknownUnknownUnknownUnknownUnknownUnknownUnknownUnknownUnknownUnknownUnknownUnknownUnknownUnknownUnknownUnknownUnknownUnknownUnknownUnknownUnknownUnknownUnknownUnknownUnknownUnknownUnknownUnknownUnknownUnknownUnknownUnknownUnknownUnknownUnknownUnknownUnknownUnknownUnknownUnknownUnknownUnknownUnknownUnknownUnknownUnknownUnknownUnknownUnknownUnknownUnknown,5.0,130.0,
Harry Maguire,150.0,8.943623314,0.0,UnknownUnknownUnknownUnknownUnknownUnknownUnknownUnknownUnknownUnknownUnknownUnknownUnknownUnknownUnknownUnknownUnknownUnknownUnknownUnknownUnknownUnknownUnknownUnknownUnknownUnknownUnknownUnknownUnknownUnknownUnknownUnknownUnknownUnknownUnknownUnknownUnknownUnknownUnknownUnknownUnknownUnknownUnknownUnknownUnknownUnknownUnknownUnknownUnknownUnknownUnknownUnknownUnknownUnknownUnknownUnknownUnknownUnknownUnknownUnknownUnknownUnknownUnknownUnknownUnknownUnknownUnknownUnknownUnknownUnknownUnknownUnknownUnknownUnknownUnknownUnknownUnknownUnknownUnknownUnknownUnknownUnknownUnknownUnknownUnknownUnknownUnknownUnknownUnknownUnknownUnknownUnknownUnknownUnknownUnknownUnknownUnknownUnknownUnknownUnknownUnknownUnknownUnknownUnknownUnknownUnknownUnknownUnknownUnknownUnknownUnknownUnknownUnknownUnknownUnknownUnknownUnknownUnknownUnknownUnknownUnknownUnknownUnknownUnknownUnknownUnknownUnknownUnknownUnknownUnknownUnknownUnknownUnknownUnknownUnknownUnknownUnknownUnknownUnknownUnknownUnknownUnknownUnknownUnknownUnknownUnknownUnknownUnknownUnknownUnknown,5.0,104.0,
Harry Souttar,,,,,,,17.0
Harry Toffolo,,,,,,,2.4
Harry winks,,,,,2.0,52.0,
Harvey Barnes,,,,,2.0,158.0,
Hassane Kamara,,,,,,,19.0
Hee-chan Hwang,,,,,,,16.7
Henry Mosquera,,,,,,,2.3
Heungmin Son,,,,,5.0,130.0,
Hidemasa Morita,,,,,,,3.45
Hiroki Ito,,,,,,,4.0
Hjalmar Ekdal,,,,,1.0,80.0,2.8
Hrvoje Babec,,,,,,,1.6
Hrvoje Smolcic,,,,,,,2.5
Hugo Cuypers,,,,,,,4.0
Hugo Duro,,,,,,,4.0
Hugo Lloris,,,,,4.0,104.0,
Hyeon-gyu Oh,,,,,,,2.8
Héber,,,,,,,3.75
Héctor Bellerín,,,,,1.0,39.0,1.0
Ibrahim Aliyu,,,,,,,2.1
Ibrahim Salah,,,,,,,3.0
Idrissa Gueye,,,,,,,4.0
Ignatius Ganago,,,,,,,4.4
Igoh Ogbu,,,,,,,2.5
Igor Paixão,,,,,,,5.0
Iké Ugbo,,,,,,,3.0
Ilya Zabarnyi,,,,,,,22.7
Irvin Cardona,,,,,,,5.0
Isaac Atanga,,,,,,,3.0
Isaac Hayden,,,,,3.0,109.0,
Isaak Touré,,,,,,,5.5
Isak Hien,,,,,,,3.2
Ishaq Abdulrazak,,,,,,,3.0
Isidro Pitta,,,,,,,6.0
Ismaël Koné,,,,,,,8.0
Issa Diop,,,,,,,17.8
Ivan Perišić,190.0,11.491702720500001,1.0,UnknownUnknownUnknownUnknownUnknownUnknownUnknownUnknownUnknownUnknownUnknownUnknownUnknownUnknownUnknownUnknownUnknownUnknownUnknownUnknownUnknownUnknownUnknownUnknownUnknownUnknownUnknownUnknownUnknownUnknownUnknownUnknownUnknownUnknownUnknownUnknownUnknownUnknownUnknownUnknownUnknownUnknownUnknownUnknownUnknownUnknownUnknownUnknownUnknownUnknownUnknownUnknownUnknownUnknownUnknownUnknownUnknownUnknownUnknownUnknownUnknownUnknownUnknownUnknownUnknownUnknownUnknownUnknownUnknownUnknownUnknownUnknownUnknownUnknownUnknownUnknownUnknownUnknownUnknownUnknownUnknownUnknownUnknownUnknownUnknownUnknownUnknownUnknownUnknownUnknownUnknownUnknownUnknownUnknownUnknownUnknownUnknownUnknownUnknownUnknownUnknownUnknownUnknownUnknownUnknownUnknownUnknownUnknownUnknownUnknownUnknownUnknownUnknownUnknownUnknownUnknownUnknownUnknownUnknownUnknownUnknownUnknownUnknownUnknownUnknownUnknownUnknownUnknownUnknownUnknownUnknownUnknownUnknownUnknownUnknownUnknownUnknownUnknownUnknownUnknownUnknownUnknownUnknownUnknownUnknownUnknownUnknownUnknownUnknownUnknownUnknownUnknownUnknownUnknownUnknownUnknownUnknownUnknownUnknownUnknownUnknownUnknownTrueUnknownUnknownUnknownUnknownUnknownUnknownUnknownUnknownUnknownUnknownUnknownUnknownUnknownUnknownUnknownUnknownUnknownUnknownUnknownUnknownUnknownUnknownUnknownUnknownUnknownUnknownUnknown,,,
Ivan Provedel,,,,,,,2.38
Ivan Rakitić,266.0,15.817113378,0.0,UnknownUnknownUnknownUnknownUnknownUnknownUnknownUnknownUnknownUnknownUnknownUnknownUnknownUnknownUnknownUnknownUnknownUnknownUnknownUnknownUnknownUnknownUnknownUnknownUnknownUnknownUnknownUnknownUnknownUnknownUnknownUnknownUnknownUnknownUnknownUnknownUnknownUnknownUnknownUnknownUnknownUnknownUnknownUnknownUnknownUnknownUnknownUnknownUnknownUnknownUnknownUnknownUnknownUnknownUnknownUnknownUnknownUnknownUnknownUnknownUnknownUnknownUnknownUnknownUnknownUnknownUnknownUnknownUnknownUnknownUnknownUnknownUnknownUnknownUnknownUnknownUnknownUnknownUnknownUnknownUnknownUnknownUnknownUnknownUnknownUnknownUnknownUnknownUnknownUnknownUnknownUnknownUnknownUnknownUnknownUnknownUnknownUnknownUnknownUnknownUnknownUnknownUnknownUnknownUnknownUnknownUnknownUnknownUnknownUnknownUnknownUnknownUnknownUnknownUnknownUnknownUnknownUnknownUnknownUnknownUnknownUnknownUnknownUnknownUnknownUnknownUnknownUnknownUnknownUnknownUnknownUnknownUnknownUnknownUnknownUnknownUnknownUnknownUnknownUnknownUnknownUnknownUnknownUnknownUnknownUnknownUnknownUnknownUnknownUnknownUnknownUnknownUnknownUnknownUnknownUnknownUnknownUnknownUnknownUnknownUnknownUnknownUnknownUnknownUnknownUnknownUnknownUnknownUnknownUnknownUnknownUnknownUnknownUnknownUnknownUnknownUnknownUnknownUnknownUnknownUnknownUnknownUnknownUnknownUnknownUnknownUnknownUnknownUnknownUnknownUnknownUnknownUnknownUnknownUnknownUnknownUnknownUnknownUnknownUnknownUnknownUnknownUnknownUnknownUnknownUnknownUnknownUnknownUnknownUnknownUnknownUnknownUnknownUnknownUnknownUnknownUnknownUnknownUnknownUnknownUnknownUnknownUnknownUnknownUnknownUnknownUnknownUnknownUnknownUnknownUnknownUnknownUnknownUnknownUnknownUnknownUnknownUnknownUnknownUnknownUnknownUnknownUnknownUnknownUnknownUnknownUnknownUnknownUnknownUnknownUnknownUnknownUnknownUnknownUnknownUnknownUnknownUnknownUnknownUnknownUnknownUnknownUnknownUnknownUnknownUnknown,,,
Ivan Strinić,207.0,12.331428012,0.0,UnknownUnknownUnknownUnknownUnknownUnknownUnknownUnknownUnknownUnknownUnknownUnknownUnknownUnknownUnknownUnknownUnknownUnknownUnknownUnknownUnknownUnknownUnknownUnknownUnknownUnknownUnknownUnknownUnknownUnknownUnknownUnknownUnknownUnknownUnknownUnknownUnknownUnknownUnknownUnknownUnknownUnknownUnknownUnknownUnknownUnknownUnknownUnknownUnknownUnknownUnknownUnknownUnknownUnknownUnknownUnknownUnknownUnknownUnknownUnknownUnknownUnknownUnknownUnknownUnknownUnknownUnknownUnknownUnknownUnknownUnknownUnknownUnknownUnknownUnknownUnknownUnknownUnknownUnknownUnknownUnknownUnknownUnknownUnknownUnknownUnknownUnknownUnknownUnknownUnknownUnknownUnknownUnknownUnknownUnknownUnknownUnknownUnknownUnknownUnknownUnknownUnknownUnknownUnknownUnknownUnknownUnknownUnknownUnknownUnknownUnknownUnknownUnknownUnknownUnknownUnknownUnknownUnknownUnknownUnknownUnknownUnknownUnknownUnknownUnknownUnknownUnknownUnknownUnknownUnknownUnknownUnknownUnknownUnknownUnknownUnknownUnknownUnknownUnknownUnknownUnknownUnknownUnknownUnknownUnknownUnknownUnknownUnknownUnknownUnknownUnknownUnknownUnknownUnknownUnknownUnknownUnknownUnknownUnknownUnknownUnknownUnknownUnknownUnknownUnknownUnknownUnknownUnknownUnknownUnknownUnknownUnknownUnknownUnknownUnknownUnknownUnknownUnknownUnknownUnknownUnknownUnknownUnknownUnknownUnknownUnknownUnknownUnknownUnknownUnknownUnknownUnknownUnknownUnknownUnknownUnknownUnknownUnknownUnknownUnknownUnknownUnknownUnknownUnknownUnknownUnknownUnknown,,,
Ivica Ivusic,,,,,,,2.0
Jack Cork,,,,,2.0,192.0,
Jack Grealish,,,,,1.0,28.0,
Jack Harrison,,,,,1.0,82.0,
Jackson Muleka,,,,,,,3.35
Jackson Porozo,,,,,,,3.5
Jacob Ramsey,,,,,4.0,173.0,
Jacob Shaffelburg,,,,,,,3.0
Jadon Sancho,,,,,2.0,48.0,
Jair,,,,,,,2.65
Jaka Bijol,,,,,,,4.0
Jakub Kaminski,,,,,,,10.0
Jakub Kiwior,,,,,,,25.0
Jamaal Lascelles,,,,,7.0,225.0,
Jamal Lewis,,,,,1.0,15.0,
James Bree,,,,,,,8.5
James Garner,,,,,1.0,89.0,10.4
James Rodríguez,,,,,4.0,87.0,
James Tarkowski,,,,,1.0,13.0,
Jamie Leweling,,,,,,,4.0
Jamie Vardy,7.0,0.417004812,0.0,UnknownUnknownUnknownUnknownUnknownUnknownUnknown,,,
Janis Antiste,,,,,,,5.68
Jasper Cillessen,,,,,,,1.0
Javairô Dilrosun,,,,,,,4.0
Javier Manquillo,,,,,2.0,88.0,
Jay Rodríguez,,,,,5.0,160.0,
Jayden Nelson,,,,,,,1.0
Jayden Oosterwolde,,,,,,,4.5
Jean Meneses,,,,,,,5.7
Jean Onana,,,,,,,4.0
Jean-Eudes Aholou,,,,,,,3.0
Jean-Luc Dompé,,,,,,,1.1
Jean-Philippe Gbamin,,,,,1.0,682.0,
Jean-Victor Makengo,,,,,,,11.0
Jed Steer,,,,,1.0,217.0,
Jeffinho,,,,,,,10.0
Jens Odgaard,,,,,,,3.59
Jens Petter Hauge,,,,,,,8.2
Jens Stage,,,,,,,4.0
Jerry St. Juste,,,,,,,10.0
Jesse Lingard,207.0,12.31554054,0.0,UnknownUnknownUnknownUnknownUnknownUnknownUnknownUnknownUnknownUnknownUnknownUnknownUnknownUnknownUnknownUnknownUnknownUnknownUnknownUnknownUnknownUnknownUnknownUnknownUnknownUnknownUnknownUnknownUnknownUnknownUnknownUnknownUnknownUnknownUnknownUnknownUnknownUnknownUnknownUnknownUnknownUnknownUnknownUnknownUnknownUnknownUnknownUnknownUnknownUnknownUnknownUnknownUnknownUnknownUnknownUnknownUnknownUnknownUnknownUnknownUnknownUnknownUnknownUnknownUnknownUnknownUnknownUnknownUnknownUnknownUnknownUnknownUnknownUnknownUnknownUnknownUnknownUnknownUnknownUnknownUnknownUnknownUnknownUnknownUnknownUnknownUnknownUnknownUnknownUnknownUnknownUnknownUnknownUnknownUnknownUnknownUnknownUnknownUnknownUnknownUnknownUnknownUnknownUnknownUnknownUnknownUnknownUnknownUnknownUnknownUnknownUnknownUnknownUnknownUnknownUnknownUnknownUnknownUnknownUnknownUnknownUnknownUnknownUnknownUnknownUnknownUnknownUnknownUnknownUnknownUnknownUnknownUnknownUnknownUnknownUnknownUnknownUnknownUnknownUnknownUnknownUnknownUnknownUnknownUnknownUnknownUnknownUnknownUnknownUnknownUnknownUnknownUnknownUnknownUnknownUnknownUnknownUnknownUnknownUnknownUnknownUnknownUnknownUnknownUnknownUnknownUnknownUnknownUnknownUnknownUnknownUnknownUnknownUnknownUnknownUnknownUnknownUnknownUnknownUnknownUnknownUnknownUnknownUnknownUnknownUnknownUnknownUnknownUnknownUnknownUnknownUnknownUnknownUnknownUnknownUnknownUnknownUnknownUnknownUnknownUnknownUnknownUnknownUnknownUnknownUnknownUnknown,3.0,35.0,
Jessic Ngankam,,,,,,,1.75
Jetro Willems,,,,,3.0,269.0,
Jhoanner Chávez,,,,,,,3.25
Jhon Durán,,,,,4.0,56.0,16.64
Jhon Lucumí,,,,,,,8.0
Jimmy Cabot,,,,,,,2.0
Jimmy-Jay Morgan,,,,,,,3.4
Joao Rojas,,,,,,,1.9
Joaquim,,,,,,,3.0
Joaquín Correa,,,,,,,27.3
Joaquín Pereyra,,,,,,,9.38
Joaquín Torres,,,,,,,4.6
Joe Aribo,,,,,,,7.1
Joe Willock,,,,,7.0,276.0,
Joel Mvuka,,,,,,,5.5
Joel Ordóñez,,,,,,,3.9
Joel Pereria,,,,,1.0,14.0,
Joel Pohjanpalo,,,,,,,2.5
Joelinton,,,,,5.0,176.0,
Johan Mojica,,,,,,,5.5
Johann Lepenant,,,,,,,4.25
John Anthony Brooks,,,,,,,3.0
John McGinn,,,,,1.0,34.0,
John Stones,155.0,9.238544184,0.0,UnknownUnknownUnknownUnknownUnknownUnknownUnknownUnknownUnknownUnknownUnknownUnknownUnknownUnknownUnknownUnknownUnknownUnknownUnknownUnknownUnknownUnknownUnknownUnknownUnknownUnknownUnknownUnknownUnknownUnknownUnknownUnknownUnknownUnknownUnknownUnknownUnknownUnknownUnknownUnknownUnknownUnknownUnknownUnknownUnknownUnknownUnknownUnknownUnknownUnknownUnknownUnknownUnknownUnknownUnknownUnknownUnknownUnknownUnknownUnknownUnknownUnknownUnknownUnknownUnknownUnknownUnknownUnknownUnknownUnknownUnknownUnknownUnknownUnknownUnknownUnknownUnknownUnknownUnknownUnknownUnknownUnknownUnknownUnknownUnknownUnknownUnknownUnknownUnknownUnknownUnknownUnknownUnknownUnknownUnknownUnknownUnknownUnknownUnknownUnknownUnknownUnknownUnknownUnknownUnknownUnknownUnknownUnknownUnknownUnknownUnknownUnknownUnknownUnknownUnknownUnknownUnknownUnknownUnknownUnknownUnknownUnknownUnknownUnknownUnknownUnknownUnknownUnknownUnknownUnknownUnknownUnknownUnknownUnknownUnknownUnknownUnknownUnknownUnknownUnknownUnknownUnknownUnknownUnknownUnknownUnknownUnknownUnknownUnknownUnknownUnknownUnknownUnknownUnknownUnknown,,,
Jonas Omlin,,,,,,,9.0
Jonathan Calleri,,,,,,,2.9
Jonathan Clauss,,,,,,,7.5
Jonathan Levi,,,,,,,6.0
Jonathan Rodríguez,,,,,,,5.45
Jonjo Shelvey,,,,,9.0,280.0,6.5
Jordan,,,,,,,6.0
Jordan Beyer,,,,,2.0,52.0,
Jordan Brian Henderson,179.0,10.636791118,0.0,UnknownUnknownUnknownUnknownUnknownUnknownUnknownUnknownUnknownUnknownUnknownUnknownUnknownUnknownUnknownUnknownUnknownUnknownUnknownUnknownUnknownUnknownUnknownUnknownUnknownUnknownUnknownUnknownUnknownUnknownUnknownUnknownUnknownUnknownUnknownUnknownUnknownUnknownUnknownUnknownUnknownUnknownUnknownUnknownUnknownUnknownUnknownUnknownUnknownUnknownUnknownUnknownUnknownUnknownUnknownUnknownUnknownUnknownUnknownUnknownUnknownUnknownUnknownUnknownUnknownUnknownUnknownUnknownUnknownUnknownUnknownUnknownUnknownUnknownUnknownUnknownUnknownUnknownUnknownUnknownUnknownUnknownUnknownUnknownUnknownUnknownUnknownUnknownUnknownUnknownUnknownUnknownUnknownUnknownUnknownUnknownUnknownUnknownUnknownUnknownUnknownUnknownUnknownUnknownUnknownUnknownUnknownUnknownUnknownUnknownUnknownUnknownUnknownUnknownUnknownUnknownUnknownUnknownUnknownUnknownUnknownUnknownUnknownUnknownUnknownUnknownUnknownUnknownUnknownUnknownUnknownUnknownUnknownUnknownUnknownUnknownUnknownUnknownUnknownUnknownUnknownUnknownUnknownUnknownUnknownUnknownUnknownUnknownUnknownUnknownUnknownUnknownUnknownUnknownUnknownUnknownUnknownUnknownUnknownUnknownUnknownUnknownUnknownUnknownUnknownUnknownUnknownUnknownUnknownUnknownUnknownUnknownUnknownUnknownUnknownUnknownUnknownUnknownUnknown,,,
Jordan Pickford,133.0,7.923091428,0.0,UnknownUnknownUnknownUnknownUnknownUnknownUnknownUnknownUnknownUnknownUnknownUnknownUnknownUnknownUnknownUnknownUnknownUnknownUnknownUnknownUnknownUnknownUnknownUnknownUnknownUnknownUnknownUnknownUnknownUnknownUnknownUnknownUnknownUnknownUnknownUnknownUnknownUnknownUnknownUnknownUnknownUnknownUnknownUnknownUnknownUnknownUnknownUnknownUnknownUnknownUnknownUnknownUnknownUnknownUnknownUnknownUnknownUnknownUnknownUnknownUnknownUnknownUnknownUnknownUnknownUnknownUnknownUnknownUnknownUnknownUnknownUnknownUnknownUnknownUnknownUnknownUnknownUnknownUnknownUnknownUnknownUnknownUnknownUnknownUnknownUnknownUnknownUnknownUnknownUnknownUnknownUnknownUnknownUnknownUnknownUnknownUnknownUnknownUnknownUnknownUnknownUnknownUnknownUnknownUnknownUnknownUnknownUnknownUnknownUnknownUnknownUnknownUnknownUnknownUnknownUnknownUnknownUnknownUnknownUnknownUnknownUnknownUnknownUnknownUnknownUnknownUnknownUnknownUnknownUnknownUnknownUnknownUnknown,3.0,53.0,
Jordan Torunarigha,,,,,,,3.0
Jordan Veretout,,,,,,,11.0
Jordi Cortizo,,,,,,,5.23
Jordy Caicedo,,,,,,,2.5
Jorge Carrascal,,,,,,,6.0
Jorge Sánchez,,,,,,,5.0
Jorginho,,,,,,,11.3
Josh Bowler,,,,,,,2.3
Josh Brownhill,,,,,2.0,39.0,
Josh Cullen,,,,,,,3.0
Josh Dasilva,,,,,3.0,657.0,
Josh Doig,,,,,,,3.6
Josha Vagnoman,,,,,,,3.7
Joshua Zirkzee,,,,,,,8.5
Josip Brekalo,,,,,,,1.5
Josip Juranovic,,,,,,,8.55
Josip Pivarić,51.0,3.038177916,0.0,UnknownUnknownUnknownUnknownUnknownUnknownUnknownUnknownUnknownUnknownUnknownUnknownUnknownUnknownUnknownUnknownUnknownUnknownUnknownUnknownUnknownUnknownUnknownUnknownUnknownUnknownUnknownUnknownUnknownUnknownUnknownUnknownUnknownUnknownUnknownUnknownUnknownUnknownUnknownUnknownUnknownUnknownUnknownUnknownUnknownUnknownUnknownUnknownUnknownUnknownUnknown,,,
José Gragera,,,,,,,2.8
José Luis Rodríguez,,,,,,,1.8
José Manuel López,,,,,,,9.5
Jota,,,,,,,7.5
João Ferreira,,,,,,,2.5
João Figueiredo,,,,,,,6.5
João Gomes,,,,,,,18.7
João Klauss,,,,,,,3.2
João Lucas,,,,,,,1.1
João Novais,,,,,,,2.0
João Palhinha,,,,,,,20.0
João Pedro,,,,,,,4.68
João Victor,,,,,,,9.5
Juan Cabal,,,,,,,4.0
Juan Ignacio Nardoni,,,,,,,5.7
Juan José Perea,,,,,,,2.4
Juan Mata,,,,,1.0,37.0,
Julen Lobete,,,,,,,1.0
Jules Koundé,,,,,,,50.0
Julian Gressel,,,,,,,8.18
Julian Ryerson,,,,,,,5.0
Julien Duranville,,,,,,,8.5
Julien Le Cardinal,,,,,,,2.3
Julio Enciso,,,,,,,11.6
Julián Araujo,,,,,,,4.0
Julián Aude,,,,,,,4.65
Julián Carranza,,,,,,,4.55
Julián Quiñones,,,,,,,2.6
Junior Messias,,,,,,,5.5
Junya Ito,,,,,,,10.0
Jurgen Ekkelenkamp,,,,,,,5.0
Jérémie Boga,,,,,,,22.0
Jóhann Berg Gudmundsson,,,,,9.0,603.0,
Jörgen Strand Larsen,,,,,,,12.4
Kady Borges,,,,,,,2.0
Kaiky,,,,,,,7.0
Kalidou Koulibaly,,,,,,,38.0
Kalvin Phillips,,,,,,,49.0
Kamaldeen Sulemana,,,,,,,25.0
Kanya Fujimoto,,,,,,,6.0
Karim Adeyemi,,,,,,,30.0
Karim Konaté,,,,,,,3.5
Kasper Schmeichel,,,,,,,1.0
Kastriot Imeri,,,,,,,3.0
Keane Lewis-Potter,,,,,3.0,113.0,19.0
Kenedy,,,,,,,5.0
Kevin Agudelo,,,,,,,2.8
Kevin Gutiérrez,,,,,,,4.84
Kevin Mbabu,,,,,,,5.5
Kevin Schade,,,,,1.0,200.0,
Khaled Narey,,,,,,,1.5
Khvicha Kvaratskhelia,,,,,,,11.5
Kieran Tierney,,,,,6.0,284.0,
Kieran Trippier,196.0,11.704163686000001,1.0,UnknownUnknownUnknownUnknownUnknownUnknownUnknownUnknownUnknownUnknownUnknownUnknownUnknownUnknownUnknownUnknownUnknownUnknownUnknownUnknownUnknownUnknownUnknownUnknownUnknownUnknownUnknownUnknownUnknownUnknownUnknownUnknownUnknownUnknownUnknownUnknownUnknownUnknownUnknownUnknownUnknownUnknownUnknownUnknownUnknownUnknownUnknownUnknownUnknownUnknownUnknownUnknownUnknownUnknownUnknownUnknownUnknownUnknownUnknownUnknownUnknownUnknownUnknownUnknownUnknownUnknownUnknownUnknownUnknownUnknownUnknownUnknownUnknownUnknownUnknownUnknownUnknownUnknownUnknownUnknownUnknownUnknownUnknownUnknownUnknownUnknownUnknownUnknownUnknownUnknownUnknownUnknownUnknownUnknownUnknownUnknownUnknownUnknownUnknownUnknownUnknownUnknownUnknownUnknownUnknownUnknownUnknownUnknownUnknownUnknownUnknownUnknownUnknownUnknownUnknownUnknownUnknownUnknownUnknownUnknownUnknownUnknownUnknownUnknownUnknownUnknownUnknownUnknownUnknownUnknownUnknownUnknownUnknownUnknownUnknownUnknownUnknownUnknownUnknownUnknownUnknownUnknownUnknownUnknownUnknownUnknownUnknownUnknownUnknownUnknownUnknownUnknownUnknownUnknownUnknownUnknownUnknownUnknownUnknownUnknownUnknownUnknownUnknownUnknownUnknownUnknownUnknownUnknownUnknownUnknownUnknownUnknownUnknownUnknownUnknownUnknownUnknownUnknownUnknownUnknownUnknownUnknownUnknownUnknownUnknownUnknownUnknownUnknownUnknownUnknownUnknownUnknownUnknownUnknownUnknownUnknown,3.0,156.0,
Kiki Kouyaté,,,,,,,6.0
Kiko Femenía,,,,,,,9.8
Kilian Fischer,,,,,,,2.5
Ko Itakura,,,,,,,5.0
Konstantinos Mavropanos,,,,,,,3.2
Kortney Hause,,,,,1.0,92.0,
Kristian Thorstvedt,,,,,,,10.15
Kristijan Jakic,,,,,,,3.5
Kristoffer Ajer,,,,,3.0,112.0,
Krzysztof Kubica,,,,,,,1.2
Kyle Walker,204.0,12.152711664,0.0,UnknownUnknownUnknownUnknownUnknownUnknownUnknownUnknownUnknownUnknownUnknownUnknownUnknownUnknownUnknownUnknownUnknownUnknownUnknownUnknownUnknownUnknownUnknownUnknownUnknownUnknownUnknownUnknownUnknownUnknownUnknownUnknownUnknownUnknownUnknownUnknownUnknownUnknownUnknownUnknownUnknownUnknownUnknownUnknownUnknownUnknownUnknownUnknownUnknownUnknownUnknownUnknownUnknownUnknownUnknownUnknownUnknownUnknownUnknownUnknownUnknownUnknownUnknownUnknownUnknownUnknownUnknownUnknownUnknownUnknownUnknownUnknownUnknownUnknownUnknownUnknownUnknownUnknownUnknownUnknownUnknownUnknownUnknownUnknownUnknownUnknownUnknownUnknownUnknownUnknownUnknownUnknownUnknownUnknownUnknownUnknownUnknownUnknownUnknownUnknownUnknownUnknownUnknownUnknownUnknownUnknownUnknownUnknownUnknownUnknownUnknownUnknownUnknownUnknownUnknownUnknownUnknownUnknownUnknownUnknownUnknownUnknownUnknownUnknownUnknownUnknownUnknownUnknownUnknownUnknownUnknownUnknownUnknownUnknownUnknownUnknownUnknownUnknownUnknownUnknownUnknownUnknownUnknownUnknownUnknownUnknownUnknownUnknownUnknownUnknownUnknownUnknownUnknownUnknownUnknownUnknownUnknownUnknownUnknownUnknownUnknownUnknownUnknownUnknownUnknownUnknownUnknownUnknownUnknownUnknownUnknownUnknownUnknownUnknownUnknownUnknownUnknownUnknownUnknownUnknownUnknownUnknownUnknownUnknownUnknownUnknownUnknownUnknownUnknownUnknownUnknownUnknownUnknownUnknownUnknownUnknownUnknownUnknownUnknownUnknownUnknownUnknownUnknownUnknown,,,
Kévin Cabral,,,,,,,9.5
Lameck Banda,,,,,,,2.0
Lamine Fomba,,,,,,,5.0
Latif Blessing,,,,,,,3.79
Leander Dendoncker,,,,,,,15.0
Leandro Trossard,,,,,,,24.0
Lei Wu,,,,,,,1.5
Leo Väisänen,,,,,,,1.8
Leo Östigard,,,,,,,5.0
Leon Bailey,,,,,2.0,80.0,
Leonardo Buta,,,,,,,2.0
Leonardo Campana,,,,,,,2.7
Leonardo Mancuso,,,,,,,2.79
Lewis Ferguson,,,,,,,3.5
Lewis Miley,,,,,2.0,72.0,
Lewis O'Brien,,,,,,,9.4
Liberato Cacace,,,,,,,3.0
Lincoln,,,,,,,3.5
Lisandro Martinez,,,,,1.0,77.0,
Lisandro Martínez,,,,,,,57.37
Lorenzo Montipò,,,,,,,1.1
Loïs Openda,,,,,,,11.8
Luan Peres,,,,,,,5.23
Luca Kilian,,,,,,,2.0
Luca Koleosho,,,,,1.0,194.0,
Luca Orellano,,,,,,,3.72
Luca Pfeiffer,,,,,,,2.85
Luca Valzania,,,,,,,3.0
Luca Zanimacchia,,,,,,,3.0
Lucas Alario,,,,,,,6.0
Lucas Cunha,,,,,,,1.5
Lucas Da Cunha,,,,,,,4.0
Lucas Digne,,,,,7.0,198.0,
Lucas Fasson,,,,,,,3.0
Lucas Gourna-Douath,,,,,,,13.0
Lucas Moura,,,,,3.0,78.0,
Lucas Paquetá,,,,,,,42.95
Lucas Perrin,,,,,,,1.5
Lucas Piton,,,,,,,3.0
Lucas Pérez,,,,,,,1.0
Lucas Romero,,,,,,,5.64
Lucas Torreira,,,,,1.0,122.0,6.0
Lucas Vera,,,,,,,1.5
Ludovic Ajorque,,,,,,,6.0
Luis Malagón,,,,,,,1.88
Luis Milla,,,,,,,5.0
Luis Sinisterra,,,,,,,25.0
Luis Suárez,,,,,,,10.0
Luiz Henrique,,,,,,,8.0
Luka Modrić,240.0,14.29730784,0.0,UnknownUnknownUnknownUnknownUnknownUnknownUnknownUnknownUnknownUnknownUnknownUnknownUnknownUnknownUnknownUnknownUnknownUnknownUnknownUnknownUnknownUnknownUnknownUnknownUnknownUnknownUnknownUnknownUnknownUnknownUnknownUnknownUnknownUnknownUnknownUnknownUnknownUnknownUnknownUnknownUnknownUnknownUnknownUnknownUnknownUnknownUnknownUnknownUnknownUnknownUnknownUnknownUnknownUnknownUnknownUnknownUnknownUnknownUnknownUnknownUnknownUnknownUnknownUnknownUnknownUnknownUnknownUnknownUnknownUnknownUnknownUnknownUnknownUnknownUnknownUnknownUnknownUnknownUnknownUnknownUnknownUnknownUnknownUnknownUnknownUnknownUnknownUnknownUnknownUnknownUnknownUnknownUnknownUnknownUnknownUnknownUnknownUnknownUnknownUnknownUnknownUnknownUnknownUnknownUnknownUnknownUnknownUnknownUnknownUnknownUnknownUnknownUnknownUnknownUnknownUnknownUnknownUnknownUnknownUnknownUnknownUnknownUnknownUnknownUnknownUnknownUnknownUnknownUnknownUnknownUnknownUnknownUnknownUnknownUnknownUnknownUnknownUnknownUnknownUnknownUnknownUnknownUnknownUnknownUnknownUnknownUnknownUnknownUnknownUnknownUnknownUnknownUnknownUnknownUnknownUnknownUnknownUnknownUnknownUnknownUnknownUnknownUnknownUnknownUnknownUnknownUnknownUnknownUnknownUnknownUnknownUnknownUnknownUnknownUnknownUnknownUnknownUnknownUnknownUnknownUnknownUnknownUnknownUnknownUnknownUnknownUnknownUnknownUnknownUnknownUnknownUnknownUnknownUnknownUnknownUnknownUnknownUnknownUnknownUnknownUnknownUnknownUnknownUnknownUnknownUnknownUnknownUnknownUnknownUnknownUnknownUnknownUnknownUnknownUnknownUnknownUnknownUnknownUnknownUnknownUnknownUnknownUnknownUnknownUnknownUnknownUnknownUnknownUnknownUnknownUnknownUnknownUnknownUnknownUnknownUnknownUnknownUnknownUnknownUnknown,,,
Lukas Lerager,,,,,,,3.5
Luke Shaw,,,,,9.0,271.0,
Luuk de Jong,,,,,,,3.0
Luís Maximiano,,,,,,,10.26
Lyle Foster,,,,,1.0,31.0,11.0
László Bénes,,,,,,,1.5
László Kleinheisler,,,,,,,5.0
Lázaro,,,,,,,7.0
Léo,,,,,,,2.8
Léo Duarte,,,,,,,2.0
Léo Dubois,,,,,,,2.5
Léo Jardim,,,,,,,2.0
Magnus Kofod Andersen,,,,,,,5.1
Mahmoud Trezeguet,,,,,1.0,51.0,4.0
Mailson,,,,,,,5.0
Maksim Glushenkov,,,,,,,2.6
Malick Thiaw,,,,,,,8.6
Malo Gusto,,,,,,,30.0
Malte Amundsen,,,,,,,3.64
Mamadou Coulibaly,,,,,,,3.0
Manu García,,,,,,,3.2
Manuel Akanji,,,,,,,17.5
Manuel Capasso,,,,,,,1.4
Marc Bartra,,,,,,,1.25
Marc Cucurella,,,,,,,65.3
Marc Roca,,,,,,,12.0
Marcel Sabitzer,,,,,3.0,47.0,
Marcel Tisserand,,,,,,,3.0
Marcelino Núñez,,,,,,,3.9
Marcelo Allende,,,,,,,2.9
Marcelo Brozović,265.0,15.710098423,0.0,UnknownUnknownUnknownUnknownUnknownUnknownUnknownUnknownUnknownUnknownUnknownUnknownUnknownUnknownUnknownUnknownUnknownUnknownUnknownUnknownUnknownUnknownUnknownUnknownUnknownUnknownUnknownUnknownUnknownUnknownUnknownUnknownUnknownUnknownUnknownUnknownUnknownUnknownUnknownUnknownUnknownUnknownUnknownUnknownUnknownUnknownUnknownUnknownUnknownUnknownUnknownUnknownUnknownUnknownUnknownUnknownUnknownUnknownUnknownUnknownUnknownUnknownUnknownUnknownUnknownUnknownUnknownUnknownUnknownUnknownUnknownUnknownUnknownUnknownUnknownUnknownUnknownUnknownUnknownUnknownUnknownUnknownUnknownUnknownUnknownUnknownUnknownUnknownUnknownUnknownUnknownUnknownUnknownUnknownUnknownUnknownUnknownUnknownUnknownUnknownUnknownUnknownUnknownUnknownUnknownUnknownUnknownUnknownUnknownUnknownUnknownUnknownUnknownUnknownUnknownUnknownUnknownUnknownUnknownUnknownUnknownUnknownUnknownUnknownUnknownUnknownUnknownUnknownUnknownUnknownUnknownUnknownUnknownUnknownUnknownUnknownUnknownUnknownUnknownUnknownUnknownUnknownUnknownUnknownUnknownUnknownUnknownUnknownUnknownUnknownUnknownUnknownUnknownUnknownUnknownUnknownUnknownUnknownUnknownUnknownUnknownUnknownUnknownUnknownUnknownUnknownUnknownUnknownUnknownUnknownUnknownUnknownUnknownUnknownUnknownUnknownUnknownUnknownUnknownUnknownUnknownUnknownUnknownUnknownUnknownUnknownUnknownUnknownUnknownUnknownUnknownUnknownUnknownUnknownUnknownUnknownUnknownUnknownUnknownUnknownUnknownUnknownUnknownUnknownUnknownUnknownUnknownUnknownUnknownUnknownUnknownUnknownUnknownUnknownUnknownUnknownUnknownUnknownUnknownUnknownUnknownUnknownUnknownUnknownUnknownUnknownUnknownUnknownUnknownUnknownUnknownUnknownUnknownUnknownUnknownUnknownUnknownUnknownUnknownUnknownUnknownUnknownUnknownUnknownUnknownUnknownUnknownUnknownUnknownUnknownUnknownUnknownUnknownUnknownUnknownUnknownUnknownUnknownUnknownUnknownUnknownUnknownUnknownUnknownUnknown,,,
Marcin Bulka,,,,,,,2.0
Marco Angulo,,,,,,,2.83
Marcos Antônio,,,,,,,7.5
Marcos Senesi,,,,,,,15.0
Marcus Forss,,,,,,,3.6
Marcus Ingvartsen,,,,,,,2.3
Marcus Rashford,106.0,6.314644296,0.0,UnknownUnknownUnknownUnknownUnknownUnknownUnknownUnknownUnknownUnknownUnknownUnknownUnknownUnknownUnknownUnknownUnknownUnknownUnknownUnknownUnknownUnknownUnknownUnknownUnknownUnknownUnknownUnknownUnknownUnknownUnknownUnknownUnknownUnknownUnknownUnknownUnknownUnknownUnknownUnknownUnknownUnknownUnknownUnknownUnknownUnknownUnknownUnknownUnknownUnknownUnknownUnknownUnknownUnknownUnknownUnknownUnknownUnknownUnknownUnknownUnknownUnknownUnknownUnknownUnknownUnknownUnknownUnknownUnknownUnknownUnknownUnknownUnknownUnknownUnknownUnknownUnknownUnknownUnknownUnknownUnknownUnknownUnknownUnknownUnknownUnknownUnknownUnknownUnknownUnknownUnknownUnknownUnknownUnknownUnknownUnknownUnknownUnknownUnknownUnknownUnknownUnknownUnknownUnknownUnknownUnknown,6.0,277.0,
Marcus Tavernier,,,,,,,11.9
Marcão,,,,,,,8.25
Marin Ljubicic,,,,,,,2.9
Mario Balotelli,,,,,,,2.62
Mario Gila,,,,,,,6.0
Mario Götze,,,,,,,3.0
Mario Lemina,,,,,,,11.0
Mario Mandžukić,135.0,8.602183677,1.0,UnknownUnknownUnknownUnknownUnknownUnknownUnknownUnknownUnknownUnknownUnknownUnknownUnknownUnknownUnknownUnknownUnknownUnknownUnknownUnknownUnknownUnknownUnknownUnknownUnknownUnknownUnknownUnknownUnknownUnknownUnknownUnknownUnknownUnknownUnknownUnknownUnknownUnknownUnknownUnknownUnknownUnknownUnknownUnknownUnknownUnknownUnknownUnknownUnknownUnknownUnknownUnknownUnknownUnknownUnknownUnknownUnknownUnknownUnknownUnknownUnknownUnknownUnknownUnknownUnknownUnknownUnknownUnknownUnknownUnknownUnknownUnknownUnknownUnknownUnknownUnknownUnknownUnknownUnknownUnknownUnknownUnknownUnknownUnknownUnknownUnknownUnknownUnknownUnknownUnknownUnknownUnknownUnknownUnknownUnknownUnknownUnknownUnknownUnknownUnknownUnknownUnknownUnknownUnknownUnknownUnknownUnknownUnknownUnknownUnknownUnknownUnknownUnknownUnknownUnknownUnknownUnknownUnknownUnknownUnknownUnknownUnknownUnknownUnknownUnknownUnknownUnknownUnknownUnknownUnknownUnknownUnknownUnknownUnknownUnknown,,,
Mario Mitaj,,,,,,,3.0
Mario Vuskovic,,,,,,,3.0
Mark Flekken,,,,,1.0,16.0,
Mark-Anthony Kaye,,,,,,,9.55
Marko Grujic,,,,,,,9.0
Marko Milovanovic,,,,,,,3.5
Marko Rakonjac,,,,,,,2.5
Marquinhos,,,,,,,3.5
Martin Erlic,,,,,,,3.0
Martin Hongla,,,,,,,3.7
Martin Ødegaard,,,,,2.0,34.0,
Martín Ojeda,,,,,,,5.0
Marvelous Nakamba,,,,,1.0,110.0,
Mason Greenwood,,,,,3.0,48.0,
Mason Holgate,,,,,3.0,107.0,
Matej Vydra,,,,,4.0,63.0,
Mateo Cassierra,,,,,,,4.5
Mateusz Praszelik,,,,,,,2.0
Matheus Henrique,,,,,,,7.0
Matheus Martins,,,,,,,6.0
Matheus Nunes,,,,,,,45.0
Mathew Ryan,,,,,,,5.0
Mathias Jensen,,,,,1.0,55.0,
Mathys Tel,,,,,,,20.0
Mathías Olivera,,,,,,,16.5
Matt Clarke,,,,,,,2.6
Matt Doherty,,,,,5.0,130.0,
Matt Ritchie,,,,,2.0,187.0,
Matt Targett,,,,,3.0,56.0,17.5
Matt Turner,,,,,,,6.36
Matteo Lovato,,,,,,,7.0
Matteo Tramoni,,,,,,,3.0
Matthew Hoppe,,,,,,,3.0
Matthew Lowton,,,,,2.0,247.0,
Matthijs de Ligt,,,,,,,67.0
Mattia Valoti,,,,,,,2.75
Mattia Viti,,,,,,,13.0
Mattia Zaccagni,,,,,,,7.1
Mattias Svanberg,,,,,,,9.0
Matty Cash,,,,,6.0,141.0,
Mattéo Guendouzi,,,,,1.0,104.0,11.0
Matías Cóccaro,,,,,,,4.65
Matías Galarza,,,,,,,6.0
Matías Godoy,,,,,,,7.03
Matías Kranevitter,,,,,,,1.7
Matías Palacios,,,,,,,3.0
Matías Segovia,,,,,,,1.2
Matías Vargas,,,,,,,4.0
Mauro Laínez,,,,,,,2.36
Maxi Gómez,,,,,,,3.0
Maxim Leitsch,,,,,,,3.5
Maxime Busi,,,,,,,2.0
Maximilian Wöber,,,,,,,12.0
Maximiliano Araújo,,,,,,,5.6
Maxwel Cornet,,,,,2.0,40.0,20.7
Mees de Wit,,,,,,,2.3
Memphis Depay,,,,,,,3.0
Merih Demiral,,,,,,,21.0
Merlin Röhl,,,,,,,2.9
Mesut Özil,,,,,1.0,10.0,
Michael Keane,,,,,1.0,3.0,
Michal Sadilek,,,,,,,1.5
Michel Aebischer,,,,,,,4.0
Michel Vlap,,,,,,,2.0
Michele Di Gregorio,,,,,,,4.15
Michy Batshuayi,,,,,,,3.5
Mickaël Biron,,,,,,,2.5
Mickaël Malsa,,,,,,,5.0
Miguel Almirón,,,,,4.0,91.0,
Miguel Borja,,,,,,,6.7
Miguel Gutiérrez,,,,,,,4.0
Miguel Merentiel,,,,,,,1.4
Mijat Gacinovic,,,,,,,1.0
Mikael,,,,,,,2.0
Mike Trésor,,,,,1.0,38.0,
Mikkel Damsgaard,,,,,2.0,99.0,15.0
Milan Badelj,6.0,0.357432696,0.0,UnknownUnknownUnknownUnknownUnknownUnknown,,,
Milan Pavkov,,,,,,,1.0
Min-jae Kim,,,,,,,18.05
Mislav Orsic,,,,,,,5.75
Mohamed Bayo,,,,,,,14.0
Mohamed Camara,,,,,,,15.0
Mohamed Elneny,,,,,3.0,327.0,
Mohamed-Ali Cho,,,,,,,11.0
Moi Gómez,,,,,,,1.8
Moise Kean,,,,,1.0,8.0,
Monchu,,,,,,,1.2
Moreto Cassamá,,,,,,,1.5
Morgan Gibbs-White,,,,,,,29.5
Morgan Rogers,,,,,1.0,26.0,
Morgan Sanson,,,,,4.0,190.0,
Morgan Schneiderlin,,,,,2.0,207.0,
Morten Thorsby,,,,,,,3.0
Mostafa Mohamed,,,,,,,3.85
Mounir Chouiar,,,,,,,1.5
Moussa Niakhaté,,,,,,,10.0
Moussa Sissoko,,,,,1.0,26.0,2.0
Moustapha Name,,,,,,,1.5
Muhammed Gümüskaya,,,,,,,5.0
Mykhaylo Mudryk,,,,,,,70.0
Máximo Perrone,,,,,,,11.0
Nacho Fernández,,,,,,,1.88
Nahuel Molina,,,,,,,20.0
Naouirou Ahamada,,,,,,,12.0
Nathan,,,,,,,2.0
Nathan Collins,,,,,2.0,67.0,24.3
Nathan Ngoumou,,,,,,,8.0
Nathan Patterson,,,,,2.0,92.0,
Nathan Redmond,,,,,1.0,35.0,
Nayef Aguerd,,,,,,,35.0
Neal Maupay,,,,,,,11.8
Neco Williams,,,,,,,20.0
Neil Taylor,,,,,1.0,12.0,
Nemanja Matic,,,,,2.0,60.0,
Neraysho Kasanwirjo,,,,,,,2.0
Nick Pope,,,,,5.0,244.0,11.5
Niclas Eliasson,,,,,,,2.0
Nico Schlotterbeck,,,,,,,20.0
Nicolai Vallys,,,,,,,3.0
Nicolas Cozza,,,,,,,5.0
Nicolas Moumi Ngamaleu,,,,,,,2.0
Nicolas Pépé,,,,,1.0,4.0,
Nicolas Raskin,,,,,,,1.5
Nicolás Castro,,,,,,,3.2
Nicolás Fernández Mercau,,,,,,,4.0
Nicolás Ibáñez,,,,,,,10.1
Nicolás Marichal,,,,,,,4.2
Nicolás Tagliafico,,,,,,,4.2
Nicolò Casale,,,,,,,6.56
Nicolò Zaniolo,,,,,,,15.0
Nikolay Komlichenko,,,,,,,1.5
Noah Mbamba,,,,,,,1.0
Noni Madueke,,,,,,,35.0
Nordi Mukiele,,,,,,,12.0
Nuno Mendes,,,,,,,38.0
Nuno Santos,,,,,,,1.0
Nuraly Alip,,,,,,,2.0
Néstor Araújo,,,,,,,3.0
Ohi Omoijuanfo,,,,,,,1.35
Oleksandr Zinchenko,,,,,4.0,192.0,35.0
Oleksandr Zubkov,,,,,,,2.0
Oliver Skipp,,,,,3.0,78.0,
Omar Colley,,,,,,,2.3
Omar Richards,,,,,,,8.5
Onur Bulut,,,,,,,1.0
Orel Mangala,,,,,,,13.0
Oriol Romeu,,,,,,,5.5
Osame Sahraoui,,,,,,,1.7
Oscar Fraulo,,,,,,,2.0
Oscar Gloukh,,,,,,,7.0
Oscar Vilhelmsson,,,,,,,1.2
Osman Bukari,,,,,,,3.0
Otabek Shukurov,,,,,,,4.2
Ousmane Camara,,,,,,,2.2
Ousmane Diomande,,,,,,,7.5
Owen Wijndal,,,,,,,10.0
Ozan Kabak,,,,,,,7.0
Ozan Tufan,,,,,,,3.0
Pablo Maffeo,,,,,,,3.0
Pablo Marí,,,,,2.0,196.0,
Pablo Sarabia,,,,,,,5.0
Pablo Solari,,,,,,,4.2
Pablo Torre,,,,,,,5.0
Patrick,,,,,,,1.5
Patrick Berg,,,,,,,4.0
Patrick Wimmer,,,,,,,5.0
Pau López,,,,,,,12.0
Pau Torres,,,,,2.0,35.0,
Paul Dummett,,,,,2.0,176.0,
Paul Nardi,,,,,,,1.5
Paul Onuachu,,,,,,,18.0
Paul Pogba,,,,,6.0,430.0,
Paxten Aaronson,,,,,,,4.0
Pedrinho,,,,,,,3.5
Pedro Pereira,,,,,,,2.87
Pedro Porro,,,,,,,8.77
Pedro Raul,,,,,,,1.9
Pep Biel,,,,,,,6.0
Perr Schuurs,,,,,,,9.4
Pervis Estupiñán,,,,,,,17.8
Petar Musa,,,,,,,4.875
Petar Stojanovic,,,,,,,1.2
Phil Bardsley,,,,,2.0,20.0,
Phil Jones,,,,,2.0,477.0,
Philip Zinckernagel,,,,,,,2.0
Philipp Förster,,,,,,,5.0
Philippe Coutinho,,,,,1.0,36.0,20.0
Pieros Sotiriou,,,,,,,2.0
Pierre Emile Hojberg,,,,,1.0,26.0,
Pierre Lees-Melou,,,,,,,2.3
Pierre-Emerick Aubameyang,,,,,4.0,57.0,12.0
Pietro Beruatto,,,,,,,2.1
Pietro Pellegri,,,,,,,4.2
Pipa,,,,,,,3.5
Predrag Rajkovic,,,,,,,2.0
Quinten Timber,,,,,,,7.4
Rabbi Matondo,,,,,,,3.0
Rafael Pérez,,,,,,,6.44
Raheem Sterling,81.0,4.810321956,0.0,UnknownUnknownUnknownUnknownUnknownUnknownUnknownUnknownUnknownUnknownUnknownUnknownUnknownUnknownUnknownUnknownUnknownUnknownUnknownUnknownUnknownUnknownUnknownUnknownUnknownUnknownUnknownUnknownUnknownUnknownUnknownUnknownUnknownUnknownUnknownUnknownUnknownUnknownUnknownUnknownUnknownUnknownUnknownUnknownUnknownUnknownUnknownUnknownUnknownUnknownUnknownUnknownUnknownUnknownUnknownUnknownUnknownUnknownUnknownUnknownUnknownUnknownUnknownUnknownUnknownUnknownUnknownUnknownUnknownUnknownUnknownUnknownUnknownUnknownUnknownUnknownUnknownUnknownUnknownUnknownUnknown,,,56.2
Raimonds Krollis,,,,,,,1.5
Ramiro Carrera,,,,,,,1.3
Ramiro Enrique,,,,,,,1.84
Ramon,,,,,,,1.5
Ramón Sosa,,,,,,,2.12
Raoul Bellanova,,,,,,,7.0
Raphael Onyedika,,,,,,,9.5
Raphael Varane,,,,,6.0,134.0,
Raphinha,,,,,,,58.0
Rares Ilie,,,,,,,5.0
Rasmus Carstensen,,,,,,,3.0
Rasmus Højlund,,,,,,,17.2
Rasmus Kristensen,,,,,,,13.0
Rasmus Lauritsen,,,,,,,2.5
Rayan Raveloson,,,,,,,1.75
Raúl de Tomás,,,,,,,8.0
Reiss Nelson,,,,,1.0,46.0,
Remo Freuler,,,,,,,9.0
Renato Sanches,,,,,,,15.0
Renato Steffen,,,,,,,7.5
Renzo López,,,,,,,4.7
Riccardo Calafiori,,,,,,,1.0
Riccardo Ciervo,,,,,,,2.0
Richarlison,,,,,7.0,192.0,58.0
Rico Henry,,,,,1.0,385.0,
Ridvan Yilmaz,,,,,,,4.0
Ritsu Doan,,,,,,,8.5
Rob Holding,,,,,1.0,60.0,
Robbie Brady,,,,,4.0,38.0,
Robert Lewandowski,,,,,,,45.0
Robert Ljubicic,,,,,,,3.0
Roberto Fernández,,,,,,,3.0
Robin Olsen,,,,,,,3.5
Rochinha,,,,,,,2.0
Rodrigo Aguirre,,,,,,,4.75
Rodrigo Bentacur,,,,,5.0,130.0,
Rodrigo Dourado,,,,,,,5.0
Rodrigo Pinho,,,,,,,5.0
Rodrigo Zalazar,,,,,,,1.5
Rodrigão,,,,,,,3.5
Roger Martí,,,,,,,3.0
Roggerio Nyakossi,,,,,,,2.0
Rolando Mandragora,,,,,,,8.2
Roman Yaremchuk,,,,,,,17.0
Roméo Lavia,,,,,,,12.3
Ross Barkley,,,,,1.0,59.0,
Rubén Alcaraz,,,,,,,1.0
Ryan Fraser,,,,,3.0,134.0,
Ryan Gravenberch,,,,,,,18.5
Ryan Sessegnon,,,,,4.0,104.0,
Rúben Semedo,,,,,,,3.5
Rúben Vinagre,,,,,,,10.0
Sadio Mané,,,,,,,32.0
Salih Özcan,,,,,,,5.0
Salis Abdul Samed,,,,,,,5.0
Samet Akaydin,,,,,,,3.7
Samir Caetano,,,,,,,6.5
Samman Ghoddos,,,,,1.0,7.0,
Samuel Bastien,,,,,,,8.0
Samuel Lino,,,,,,,6.5
Samuele Birindelli,,,,,,,1.6
Samuele Ricci,,,,,,,8.5
Sang-bin Jeong,,,,,,,2.5
Santiago Gimenez,,,,,,,4.0
Sargis Adamyan,,,,,,,1.5
Sasa Kalajdzic,,,,,,,18.0
Sasa Lukic,,,,,,,9.8
Sasa Zdjelar,,,,,,,5.0
Saïd Hamulic,,,,,,,2.5
Scott McToMinay,,,,,8.0,184.0,
Scott Twine,,,,,,,2.9
Sead Hakšabanović,,,,,,,2.5
Sead Kolasinac,,,,,4.0,170.0,
Sean Longstaff,,,,,4.0,101.0,
Sebastian Lletget,,,,,,,5.46
Sebastian Polter,,,,,,,1.5
Sebastien Thill,,,,,,,2.0
Selim Amallah,,,,,,,1.0
Sergey Pinyaev,,,,,,,2.6
Sergi Canos,,,,,1.0,35.0,
Sergio Córdova,,,,,,,2.1
Sergio Gómez,,,,,,,13.0
Sergio Reguilon,,,,,4.0,104.0,
Sergio Santos,,,,,,,8.41
Shandon Baptiste,,,,,1.0,78.0,
Shkodran Mustafi,,,,,2.0,112.0,
Silvije Begic,,,,,,,5.0
Simon Adingra,,,,,,,8.0
Simon Banza,,,,,,,3.0
Simone Canestrelli,,,,,,,2.6
Sofian Kiyine,,,,,,,1.6
Sofiane Boufal,,,,,,,6.0
Sofiane Diop,,,,,,,22.0
Sokratis Papastathopoulos,,,,,1.0,3.0,
Sotiris Alexandropoulos,,,,,,,4.0
Srdjan Babic,,,,,,,1.1
Stanley Nsoki,,,,,,,12.0
Stefano Moreo,,,,,,,2.0
Stephen Eustaquio,,,,,,,4.21
Steven Bergwijn,,,,,,,31.25
Steven Zuber,,,,,,,1.6
Stipe Biuk,,,,,,,6.5
Strahinja Pavlovic,,,,,,,7.0
Sven Botman,,,,,3.0,354.0,37.0
Sven Mijnans,,,,,,,2.5
Sávio,,,,,,,6.5
Séamus Coleman,,,,,5.0,420.0,
Sébastien Haller,,,,,,,31.0
Sékou Mara,,,,,,,13.0
Sérgio Oliveira,,,,,,,3.0
Tahith Chong,,,,,,,1.75
Taiwo Awoniyi,,,,,,,20.5
Takefusa Kubo,,,,,,,6.5
Takehiro Tomiyasu,,,,,4.0,287.0,
Takumi Minamino,,,,,,,15.0
Tanguy Ndombele,,,,,6.0,156.0,
Tanguy Nianzou,,,,,,,16.0
Tayyip Talha Sanuc,,,,,,,1.5
Theo Walcott,,,,,5.0,115.0,
Thiago Borbas,,,,,,,4.8
Thierno Baldé,,,,,,,3.0
Thijs Dallinga,,,,,,,2.5
Thilo Kehrer,,,,,,,12.0
Thomas Henry,,,,,,,5.0
Thomas Ouwejan,,,,,,,2.0
Thomas Partey,,,,,8.0,389.0,
Théo Bongonda,,,,,,,3.0
Tiago Volpi,,,,,,,2.5
Timo Werner,,,,,,,20.0
Tino Livramento,,,,,3.0,53.0,
Tiquinho Soares,,,,,,,1.0
Toby Alderweireld,,,,,,,4.0
Todd Cantwell,,,,,,,1.71
Tolu Arokodare,,,,,,,3.75
Tom Davies,,,,,3.0,235.0,
Tom Heaton,,,,,2.0,326.0,
Tommaso Mancini,,,,,,,2.0
Tommaso Milanese,,,,,,,7.5
Tomás Tavares,,,,,,,2.0
Tonny Vilhena,,,,,,,2.5
Tyler Adams,,,,,,,17.0
Tyrell Malacia,,,,,,,15.0
Tyrone Mings,,,,,1.0,22.0,
Ui-jo Hwang,,,,,,,4.0
Umar Sadiq,,,,,,,20.0
Umut Bozok,,,,,,,2.0
Unknown,51.0,3.038177916,0.0,UnknownUnknownUnknownUnknownUnknownUnknownUnknownUnknownUnknownUnknownUnknownUnknownUnknownUnknownUnknownUnknownUnknownUnknownUnknownUnknownUnknownUnknownUnknownUnknownUnknownUnknownUnknownUnknownUnknownUnknownUnknownUnknownUnknownUnknownUnknownUnknownUnknownUnknownUnknownUnknownUnknownUnknownUnknownUnknownUnknownUnknownUnknownUnknownUnknownUnknownUnknown,,,
Vakoun Bayo,,,,,,,3.65
Valentin Rosier,,,,,,,4.8
Vedat Muriqi,,,,,,,8.02
Vedran Ćorluka,9.0,0.536149044,0.0,UnknownUnknownUnknownUnknownUnknownUnknownUnknownUnknownUnknown,,,
Veljko Birmancevic,,,,,,,4.1
Veton Berisha,,,,,,,2.5
Victor Boniface,,,,,,,2.0
Victor Kristiansen,,,,,,,14.0
Victor Lindelof,,,,,5.0,56.0,
Viktor Tsygankov,,,,,,,5.0
Vincent Janssen,,,,,,,5.5
Vitaliy Mykolenko,,,,,5.0,83.0,
Vitaly Janelt,,,,,1.0,22.0,
Vitinha,,,,,,,36.75
Vitinho,,,,,1.0,26.0,
Vitor Hugo,,,,,,,1.8
Vivaldo,,,,,,,3.0
Vlad Chiriches,,,,,,,2.0
Vladimir Pisarskiy,,,,,,,1.35
Víctor Chust,,,,,,,1.0
Víctor Guzmán,,,,,,,3.0
Víctor Méndez,,,,,,,2.5
Wanderson,,,,,,,4.5
Wesley,,,,,,,3.0
Wesley Fofana,,,,,,,80.4
Wesley Hoedt,,,,,,,2.0
Wilfried Gnonto,,,,,,,4.5
Wilfried Kanga,,,,,,,5.0
Willer Ditta,,,,,,,6.65
William Böving,,,,,,,2.2
William Mikelbrencis,,,,,,,7.0
William Saliba,,,,,1.0,107.0,
Willian,,,,,2.0,12.0,
Willian Arão,,,,,,,3.0
Willian José,,,,,,,10.0
Williot Swedberg,,,,,,,5.5
Willy Boly,,,,,,,2.6
Willyan Rocha,,,,,,,2.0
Wout Faes,,,,,,,17.0
Xaver Schlager,,,,,,,12.0
Yago Felipe,,,,,,,1.8
Yanis Hamache,,,,,,,1.0
Yann Sommer,,,,,,,9.0
Yasin Ayari,,,,,,,4.0
Yerry Mina,,,,,8.0,317.0,
Yira Sor,,,,,,,6.5
Yoane Wissa,,,,,1.0,77.0,
Yoann Cathline,,,,,,,2.7
Youri Tielemans,,,,,2.0,74.0,
Youssouf Ndayishimiye,,,,,,,11.5
Yusuf Demir,,,,,,,6.0
Yves Bissouma,,,,,,,29.2
Zakaria Aboukhlal,,,,,,,2.0
Zanocelo,,,,,,,2.0
Zaydou Youssouf,,,,,,,1.0
Zeki Celik,,,,,,,7.0
Zian Flemming,,,,,,,2.5
Zidan Sertdemir,,,,,,,1.0
Zymer Bytyqi,,,,,,,1.0
aaron boupendza,3,0,15,15,1.0,1,35
aaron hickey,4,0,27,27,1.0,0,34
aaron lennon,2,1,14,14,1.0,2,33
aaron wan-bissaka,4,1,34,34,1.0,0,21
aarón herrera,4,2,11,11,1.0,1,17
abdelhamid sabiri,1,2,19,19,1.0,0,22
abdou harroui,2,2,39,33,0.8462,1,37
abdoulaye doucouré,2,1,14,12,0.8571,1,15
abdoulaye seck,2,1,42,9,0.2143,2,35
abdul mumin,4,2,10,10,1.0,1,28
abdulrahman ghareeb,3,2,27,8,0.2963,1,7
abdülkerim bardakci,2,1,41,16,0.3902,2,32
abner,4,2,20,20,1.0,1,11
aboubakar kamara,1,0,30,6,0.2,2,10
achraf dari,3,1,35,31,0.8857,2,9
acob Ramsey,,,,,1.0,46.0,
adam bareiro,1,2,34,34,1.0,1,14
adam buksa,3,1,31,31,1.0,1,13
adam gnezda cerin,4,0,36,36,1.0,0,25
adam hlozek,0,1,22,22,1.0,2,2
adam maher,3,1,42,42,1.0,0,35
adam masina,1,1,43,31,0.7209,1,7
adam ounas,4,1,44,9,0.2045,0,21
adama traoré,3,0,10,10,1.0,2,18
ademir,0,1,30,15,0.5,0,3
ademola lookman,0,1,15,14,0.9333,2,11
adonis frías,2,2,37,37,1.0,1,24
adrien hunou,2,1,26,26,1.0,1,19
adrien thomasson,1,2,14,10,0.7143,2,4
adrián embarba,3,0,40,12,0.3,1,26
afonso sousa,3,0,14,14,1.0,1,32
agustín marchesín,2,0,47,30,0.6383,1,36
agustín rogel,3,0,12,12,1.0,1,37
agustín urzi,3,2,32,16,0.5,2,33
agustín álvarez,0,1,46,30,0.6522,0,36
ahmed touba,2,0,46,17,0.3696,0,3
ahmetcan kaplan,4,1,19,19,1.0,1,9
ajdin hrustic,2,2,19,19,1.0,0,8
alan franco,4,2,28,28,1.0,0,33
alan matturro,0,2,26,26,1.0,1,6
alan mozo,1,0,30,30,1.0,1,4
alan virginius,3,1,23,23,1.0,0,13
albert grönbaek,0,1,18,16,0.8889,2,2
alberth elis,3,1,10,10,1.0,1,5
alef manga,1,2,22,22,1.0,2,27
alejandro pozo,1,0,13,8,0.6154,0,32
alejandro pozuelo,0,2,10,9,0.9,1,21
aleksandar pesic,1,2,49,41,0.8367,2,8
alessandro florenzi,4,1,41,12,0.2927,1,8
alex iwobi,1,2,43,43,1.0,0,3
alex santana,3,1,37,32,0.8649,2,3
alexander bah,3,0,40,35,0.875,0,22
alexander isak,3,1,17,13,0.7647,0,6
alexander jeremejeff,3,0,48,33,0.6875,1,2
alexandre lacazette,4,1,35,18,0.5143,2,23
alexandro bernabéi,2,2,43,43,1.0,0,2
alexi pitu,0,2,12,12,1.0,0,17
alexis beka beka,3,0,21,21,1.0,2,35
alexis duarte,1,0,10,10,1.0,0,34
alexis tibidi,3,0,14,14,1.0,0,23
alexsandro,1,1,39,5,0.1282,2,30
alistair johnston,1,1,39,39,1.0,2,8
allahyar sayyadmanesh,3,0,26,25,0.9615,2,22
allan,4,2,32,30,0.9375,2,36
allan saint-maximin,1,1,24,24,1.0,1,5
alphonse areola,1,1,46,27,0.587,2,13
amadou diawara,3,1,30,5,0.1667,1,29
amadou onana,1,0,23,23,1.0,1,31
amar fatah,1,0,11,11,1.0,1,16
amar rahmanovic,3,0,20,20,1.0,0,30
ameen al-dakhil,3,0,48,13,0.2708,1,16
amer gojak,0,0,47,13,0.2766,1,12
amin sarr,4,2,43,14,0.3256,0,17
amine gouiri,4,2,47,30,0.6383,0,16
amir hadziahmetovic,1,0,43,43,1.0,0,12
amir richardson,4,1,27,27,1.0,2,8
anass zaroury,1,0,39,29,0.7436,0,20
anders dreyer,0,2,24,24,1.0,0,3
andraz sporar,3,2,36,15,0.4167,1,16
andreas hanche-olsen,3,1,43,42,0.9767,0,30
andreas maxsö,3,2,47,6,0.1277,2,23
andreas pereira,4,0,42,11,0.2619,0,28
andreas schjelderup,0,1,33,22,0.6667,2,5
andreaw gravillon,4,0,24,24,1.0,0,20
andrej kramarić,4,0,39,38,0.9744,0,1
andrey santos,0,1,26,26,1.0,0,30
andros townsend,0,0,14,14,1.0,0,21
andrás németh,0,2,38,38,1.0,2,20
andré almeida,0,0,13,13,1.0,2,6
andré franco,3,1,19,19,1.0,1,22
andré gomes,2,1,26,26,1.0,2,18
andrés andrade,2,1,19,11,0.5789,0,8
andrés perea,0,0,26,10,0.3846,1,32
andy carroll,2,1,29,28,0.9655,1,33
anel ahmedhodzic,2,1,33,33,1.0,1,16
angelo fulgini,0,0,14,14,1.0,0,12
anouar ait el hadj,2,2,43,43,1.0,2,34
ante rebić,4,0,15,15,1.0,0,14
anthony gordon,1,1,11,11,1.0,1,36
anthony kalik,1,1,22,22,1.0,0,33
anthony martial,0,0,20,20,1.0,0,23
anthony modeste,3,2,32,11,0.3438,2,2
antoine semenyo,0,1,25,21,0.84,2,21
anton zinkovskiy,3,1,40,24,0.6,1,2
antonin barak,1,1,20,20,1.0,0,27
antonio colak,0,0,25,24,0.96,0,9
antony,4,1,17,17,1.0,2,1
anwar el ghazi,2,2,13,13,1.0,0,11
arijan ademi,3,1,49,44,0.898,0,3
arijanet muric,2,1,13,11,0.8462,0,23
arkadiusz milik,2,2,34,5,0.1471,2,26
arkadiusz reca,0,1,12,12,1.0,1,4
armand laurienté,2,0,41,17,0.4146,1,18
armel bella-kotchap,4,0,12,12,1.0,0,6
arnaud kalimuendo,2,0,36,27,0.75,1,35
arne maier,0,2,38,23,0.6053,2,22
arthur chaves,4,1,41,36,0.878,2,15
arthur theate,1,0,28,28,1.0,1,22
artur,2,2,30,30,1.0,1,37
ashley barnes,0,1,14,14,1.0,0,12
ashley westwood,1,2,27,27,1.0,1,18
ashley young,1,0,37,34,0.9189,0,35
aurélien tchouaméni,3,0,31,20,0.6452,0,30
benoît badiashile,4,0,30,30,1.0,2,24
benson manuel hedilazio,2,2,15,15,1.0,2,30
berat özdemir,0,2,10,10,1.0,2,14
bernard,3,0,14,5,0.3571,2,6
bernd leno,4,2,21,18,0.8571,1,3
bertrand traoré,3,0,35,6,0.1714,2,16
beto,4,0,43,32,0.7442,1,7
biel,4,1,23,23,1.0,2,14
bill tuiloma,2,2,35,35,1.0,1,9
billy gilmour,4,0,36,8,0.2222,0,15
bjorn meijer,3,0,18,5,0.2778,1,21
björn engels,4,2,35,12,0.3429,1,35
borja mayoral,2,1,31,31,1.0,2,2
bosko sutalo,2,1,39,39,1.0,1,27
boubacar kamara,3,0,26,7,0.2692,0,2
braian romero,1,2,35,35,1.0,0,35
brais méndez,1,1,45,14,0.3111,2,18
brandon soppy,4,2,10,10,1.0,0,14
brandon williams,0,2,17,17,1.0,1,20
breel embolo,4,0,44,38,0.8636,0,18
bremer,3,1,24,24,1.0,2,10
brenden aaronson,3,0,31,27,0.871,1,25
brian brobbey,3,1,23,23,1.0,2,2
brian ocampo,3,1,35,35,1.0,1,25
brian rodríguez,3,1,37,11,0.2973,0,33
brice samba,2,1,32,32,1.0,2,36
bruma,1,1,23,12,0.5217,2,31
bruno fernandes,3,2,33,5,0.1515,1,14
bruno gomes,0,0,11,7,0.6364,2,1
bruno guimarães,0,2,35,28,0.8,1,16
bruno tabata,0,1,23,23,1.0,1,3
bryan gil,0,0,16,12,0.75,1,35
bryan linssen,2,1,12,12,1.0,1,6
bryan mbeumo,0,0,32,7,0.2188,0,25
bukayo saka,3,2,27,27,1.0,1,13
byron castillo,4,0,47,32,0.6809,2,34
calebe,0,0,44,12,0.2727,0,8
callum wilson,2,0,24,24,1.0,2,21
calum chambers,2,0,34,34,1.0,0,34
calvin bassey,0,0,46,36,0.7826,1,4
calvin ramsay,4,1,37,28,0.7568,0,25
cameron carter-vickers,0,0,19,18,0.9474,0,15
carlitos,2,0,48,36,0.75,2,4
carlos alcaraz,1,2,26,26,1.0,2,12
carlos andrés gómez,3,0,48,20,0.4167,1,32
carlos gonzález,2,2,31,8,0.2581,0,32
carlos gruezo,0,1,35,35,1.0,0,28
carlos rotondi,3,0,34,25,0.7353,0,13
carlos salcedo,0,2,26,18,0.6923,1,31
carlos soler,0,2,22,22,1.0,1,14
carlos vinícius,1,1,29,22,0.7586,1,20
carlton morris,3,0,34,11,0.3235,1,18
carney chukwuemeka,3,0,13,13,1.0,1,29
casemiro,1,2,19,11,0.5789,2,6
casper nielsen,2,0,12,12,1.0,0,32
casper tengstedt,0,2,27,27,1.0,0,29
cauly,4,0,45,25,0.5556,0,2
cedric itten,0,2,31,23,0.7419,0,23
cengiz ünder,0,0,43,23,0.5349,0,19
cenk tosun,2,1,17,17,1.0,0,31
cesare casadei,0,0,49,33,0.6735,0,5
charles de ketelaere,1,0,28,22,0.7857,0,19
charles pickel,1,1,46,6,0.1304,2,34
charlie taylor,3,0,15,5,0.3333,0,10
cheick doucouré,4,1,35,9,0.2571,2,25
chris richards,0,0,43,24,0.5581,1,2
chris wood,0,2,15,15,1.0,0,11
christian benteke,2,2,46,46,1.0,1,31
christian eriksen,1,0,42,6,0.1429,1,15
christian norgaard,4,0,31,7,0.2258,1,9
christiano ronaldo,3,0,30,27,0.9,2,23
christopher jullien,1,2,15,15,1.0,1,19
christopher martins pereira,3,0,15,15,1.0,1,9
christopher wooh,2,2,13,9,0.6923,1,35
christos zafeiris,2,1,39,39,1.0,0,21
ciaran clark,0,2,20,20,1.0,0,9
cody gakpo,4,2,39,34,0.8718,2,28
connor roberts,3,1,40,13,0.325,2,7
craig dawson,1,2,33,33,1.0,0,16
cristian arango,2,0,18,18,1.0,2,16
cristian dájome,0,0,12,12,1.0,0,33
cristian romero,0,2,40,26,0.65,1,4
cucho hernández,3,0,49,48,0.9796,1,4
cyriel dessers,2,2,46,28,0.6087,2,17
cédric hountondji,4,0,45,21,0.4667,0,37
cédric soares,2,0,33,14,0.4242,0,29
dani olmo,3,0,15,15,1.0,0,37
danilo,3,2,40,34,0.85,2,36
david alaba,2,2,11,11,1.0,1,35
david neres,3,0,29,21,0.7241,2,7
dayot upamecano,2,0,37,21,0.5676,2,27
declan rice,1,1,20,18,0.9,0,28
dejan kulusevski,2,1,13,13,1.0,2,22
denis suárez,2,2,24,24,1.0,0,14
denzel dumfries,3,1,15,6,0.4,0,7
diogo dalot,3,2,39,39,1.0,0,37
diogo jota,0,1,47,29,0.617,0,22
dominic calvert-lewin,0,0,11,11,1.0,0,5
dominik szoboszlai,1,2,24,13,0.5417,2,2
douglas luiz,0,2,20,20,1.0,1,27
dusan vlahovic,2,0,17,17,1.0,1,21
eduardo camavinga,3,2,35,8,0.2286,2,15
emerson royal,0,2,14,14,1.0,2,21
enzo fernández,0,1,15,15,1.0,1,10
ezequiel barco,1,2,35,35,1.0,1,23
fabian ruiz,1,0,13,13,1.0,1,5
ferran torres,2,1,28,27,0.9643,1,1
florian wirtz,3,1,29,29,1.0,1,13
franck kessié,1,0,42,15,0.3571,0,21
gabriel magalhães,0,0,29,10,0.3448,2,26
giovanni reyna,3,1,21,21,1.0,0,21
gonzalo montiel,3,2,10,10,1.0,1,18
granit xhaka,0,1,35,35,1.0,1,37
harvey barnes,1,0,23,23,1.0,1,32
houssem aouar,0,1,47,45,0.9574,0,36
ilkay gundogan,3,0,46,42,0.913,0,17
ismael bennacer,4,1,20,20,1.0,1,35
jack grealish,4,2,45,21,0.4667,0,11
james maddison,2,1,22,22,1.0,0,21
jordan henderson,2,0,15,15,1.0,2,34
joão cancelo,0,1,12,12,1.0,1,26
joão félix,0,0,42,42,1.0,0,4
karim adeyemi,2,1,14,14,1.0,2,35
karim benzema,2,0,19,19,1.0,2,18
karl hein,3,2,32,26,0.8125,2,29
kasper schmeichel,0,0,19,19,1.0,1,29
kepa arrizabalaga,3,0,11,11,1.0,1,21
kevin de bruyne,2,1,22,22,1.0,1,13
kieran trippier,0,0,49,10,0.2041,2,17
kingsley coman,3,2,11,11,1.0,2,9
kolo muani,3,2,29,29,1.0,0,1
konrad laimer,2,0,10,10,1.0,0,2
kurt zouma,0,0,46,16,0.3478,2,29
kyle larin,0,2,26,11,0.4231,2,10
kyle walker,2,1,18,18,1.0,2,33
lars stindl,4,2,18,14,0.7778,2,21
lautaro martínez,1,0,20,20,1.0,0,28
leandro paredes,1,1,24,21,0.875,2,11
leandro trossard,1,2,33,30,0.9091,0,34
leo jardim,2,2,47,25,0.5319,2,8
leon bailey,4,1,44,32,0.7273,2,22
lewis hall,0,1,39,6,0.1538,2,8
lindelöf,3,2,40,40,1.0,0,15
lino sousa,0,2,14,5,0.3571,0,17
linton maina,3,1,23,23,1.0,1,23
lirim kastrati,0,2,20,20,1.0,2,24
louis patris,4,0,18,18,1.0,1,19
lucas digne,3,0,43,25,0.5814,1,5
lucas paquetá,2,1,21,15,0.7143,0,32
luis diaz,0,1,44,15,0.3409,1,23
luis sinisterra,3,0,10,10,1.0,2,37
luka modric,0,1,44,44,1.0,0,1
luke shaw,2,2,49,43,0.8776,0,8
manuel locatelli,2,0,31,31,1.0,2,13
marc cucurella,4,2,38,38,1.0,2,8
marco verratti,2,0,17,17,1.0,1,23
marcos llorente,2,2,20,20,1.0,1,1
marcus rashford,2,0,46,26,0.5652,1,24
mario götze,1,1,23,9,0.3913,1,35
player_key,shots,goals,passes_total,passes_completed,pass_accuracy,assists,matches_played
tammy abraham,4,0,39,37,0.9487,0,24
tanguy ndombele,0,2,44,40,0.9091,0,17
tariq lamptey,3,0,30,24,0.8,1,5
teji savanier,0,0,46,23,0.5,0,20
ter stegen,4,0,14,14,1.0,1,21
thiago alcântara,3,1,28,28,1.0,2,31
thiago silva,4,0,23,21,0.913,2,36
thibaut courtois,2,1,35,35,1.0,2,11
thomas lemar,3,1,13,13,1.0,1,15
thorgan hazard,2,0,34,34,1.0,2,19
timothy weah,0,0,34,13,0.3824,0,7
tino livramento,0,0,27,27,1.0,2,28
toby alderweireld,3,2,49,6,0.1224,2,5
tomás esteves,3,0,17,13,0.7647,2,5
toni kroos,4,1,48,13,0.2708,0,30
trent alexander-arnold,4,0,49,44,0.898,1,32
trincão,2,2,23,21,0.913,0,8
troy parrott,3,0,41,5,0.122,1,10
tyrell malacia,0,2,47,29,0.617,1,32
valentin castellanos,4,2,42,42,1.0,2,28
victor osimhen,4,0,32,32,1.0,1,17
vinícius jr.,0,1,24,24,1.0,0,31
vitor roque,4,2,42,29,0.6905,0,8
vladimír coufal,2,0,34,34,1.0,1,25
wataru endo,3,0,26,26,1.0,2,9
wesley fofana,0,1,42,7,0.1667,2,2
wilfried gnonto,3,2,11,11,1.0,0,15
wilfried zaha,4,2,23,23,1.0,2,3
william saliba,4,0,49,48,0.9796,1,36
willy boly,0,0,49,34,0.6939,1,4
wout faes,2,1,48,42,0.875,0,14
wout weghorst,1,1,15,15,1.0,1,25
xavi quintillà,1,0,16,16,1.0,0,36
xavi simons,0,2,15,15,1.0,0,10
xherdan shaqiri,1,2,12,12,1.0,1,21
yann sommer,2,2,17,17,1.0,2,12
yannick carrasco,1,1,24,21,0.875,1,27
yassine bounou,1,1,38,14,0.3684,1,2
yeferson soteldo,2,0,42,16,0.381,0,13
youssef en-nesyri,1,1,48,28,0.5833,1,31
youssouf fofana,1,1,39,20,0.5128,0,32
yuri berchiche,1,1,36,23,0.6389,0,16
yves bissouma,0,1,45,12,0.2667,1,32
zac steffen,0,0,38,35,0.9211,2,32
zambo anguissa,0,0,47,25,0.5319,0,34
zan celar,2,2,42,21,0.5,1,11
zander clark,4,1,46,27,0.587,2,10
zaydou youssouf,1,2,36,36,1.0,2,15
zeki çelik,1,0,42,20,0.4762,1,17
zeno debast,2,0,13,10,0.7692,0,18
zhang yuning,1,0,31,12,0.3871,1,9
zinedine ferhat,0,0,11,11,1.0,2,25
zlatan ibrahimović,4,0,19,19,1.0,1,14
zouhair fedal,3,0,14,14,1.0,0,25
zsolt kalmár,1,0,19,16,0.8421,2,22
zuber,0,1,42,19,0.4524,1,30
zvonimir kožulj,3,2,47,30,0.6383,0,20
Álex Moreno,,,,,2.0,164.0,13.5
Éderson,,,,,,,21.4
Šime Vrsaljko,225.0,13.358237282000001,0.0,UnknownUnknownUnknownUnknownUnknownUnknownUnknownUnknownUnknownUnknownUnknownUnknownUnknownUnknownUnknownUnknownUnknownUnknownUnknownUnknownUnknownUnknownUnknownUnknownUnknownUnknownUnknownUnknownUnknownUnknownUnknownUnknownUnknownUnknownUnknownUnknownUnknownUnknownUnknownUnknownUnknownUnknownUnknownUnknownUnknownUnknownUnknownUnknownUnknownUnknownUnknownUnknownUnknownUnknownUnknownUnknownUnknownUnknownUnknownUnknownUnknownUnknownUnknownUnknownUnknownUnknownUnknownUnknownUnknownUnknownUnknownUnknownUnknownUnknownUnknownUnknownUnknownUnknownUnknownUnknownUnknownUnknownUnknownUnknownUnknownUnknownUnknownUnknownUnknownUnknownUnknownUnknownUnknownUnknownUnknownUnknownUnknownUnknownUnknownUnknownUnknownUnknownUnknownUnknownUnknownUnknownUnknownUnknownUnknownUnknownUnknownUnknownUnknownUnknownUnknownUnknownUnknownUnknownUnknownUnknownUnknownUnknownUnknownUnknownUnknownUnknownUnknownUnknownUnknownUnknownUnknownUnknownUnknownUnknownUnknownTrueUnknownUnknownUnknownUnknownUnknownUnknownUnknownUnknownUnknownUnknownUnknownUnknownUnknownUnknownUnknownUnknownUnknownUnknownUnknownUnknownUnknownUnknownUnknownUnknownUnknownUnknownUnknownUnknownUnknownUnknownUnknownUnknownUnknownUnknownUnknownUnknownUnknownUnknownUnknownUnknownUnknownUnknownUnknownUnknownUnknownUnknownUnknownUnknownUnknownUnknownUnknownUnknownUnknownUnknownUnknownUnknownUnknownUnknownUnknownUnknownUnknownUnknownUnknownUnknownUnknownUnknownUnknownUnknownUnknownUnknownUnknownUnknownUnknownUnknownUnknownUnknownUnknownUnknownUnknownUnknownUnknownUnknownUnknownUnknownUnknownUnknownUnknownUnknownUnknown,,,
